Payment ID,Account Number,Amount,Payment Date,Validation Level,First Validation Completion Date,Second Validation Completion Date,First Validation Outcome,Second Validation Outcome,Q1 Label,Q2 Label,Edge Case
PAYMENT-000000,XXXXXXXX3489,3746,2025-07-10,Single,20250708,,PASSED,,No,Yes,NO
PAYMENT-000001,XXXXXXXX4195,4968,2025-07-11,Single,20250710,,PASSED,,No,Yes,NO
PAYMENT-000002,XXXXXXXX6288,9482,2025-07-28,Dual,20250725,20250722,PASSED,PASSED,Yes,Yes,NO
PAYMENT-000003,XXXXXXXX7527,7843,2025-06-24,Dual,20250619,20250617,PASSED,PASSED,Yes,Yes,NO
PAYMENT-000004,XXXXXXXX5047,9971,2025-07-21,Dual,20250719,20250718,PASSED,FAILED,Yes,No,NO
PAYMENT-000005,XXXXXXXX9487,7405,2025-07-10,Dual,20250705,20250704,PASSED,PASSED,Yes,Yes,NO
PAYMENT-000006,XXXXXXXX9184,485,2025-06-06,Single,20250603,,PASSED,,No,Yes,NO
PAYMENT-000007,XXXXXXXX7017,6726,2025-07-30,Dual,20250725,20250724,PASSED,PASSED,Yes,Yes,NO
PAYMENT-000008,XXXXXXXX2776,1939,2025-06-21,Single,20250620,,PASSED,,No,Yes,NO
PAYMENT-000009,XXXXXXXX9038,1314,2025-06-30,Single,20250625,,PASSED,,No,Yes,NO
PAYMENT-000010,XXXXXXXX6404,9152,2025-06-04,Dual,20250601,20250530,PASSED,FAILED,Yes,No,NO
PAYMENT-000011,XXXXXXXX5864,1247,2025-06-24,Single,20250619,,PASSED,,No,Yes,NO
PAYMENT-000012,XXXXXXXX9789,9638,2025-07-11,Dual,20250706,20250705,PASSED,PASSED,Yes,Yes,NO
PAYMENT-000013,XXXXXXXX3139,3179,2025-07-19,Single,20250715,,PASSED,,No,Yes,NO
PAYMENT-000014,XXXXXXXX7108,6953,2025-06-22,Dual,20250617,20250616,PASSED,PASSED,Yes,Yes,NO
PAYMENT-000015,XXXXXXXX3509,4205,2025-06-29,Single,20250626,,PASSED,,No,Yes,NO
PAYMENT-000016,XXXXXXXX1954,6916,2025-06-17,Dual,20250612,20250611,PASSED,PASSED,Yes,Yes,NO
PAYMENT-000017,XXXXXXXX2315,4831,2025-06-22,Single,20250621,,PASSED,,No,Yes,NO
PAYMENT-000018,XXXXXXXX4400,1616,2025-06-26,Single,20250621,,PASSED,,No,Yes,NO
PAYMENT-000019,XXXXXXXX2591,8898,2025-06-25,Dual,20250621,20250619,FAILED,PASSED,Yes,No,NO
PAYMENT-000020,XXXXXXXX7240,481,2025-07-13,Single,20250712,,PASSED,,No,Yes,NO
PAYMENT-000021,XXXXXXXX7942,6296,2025-07-23,Dual,20250720,20250719,PASSED,PASSED,Yes,Yes,NO
PAYMENT-000022,XXXXXXXX5592,7072,2025-06-10,Single,20250608,,PASSED,,No,Yes,YES
PAYMENT-000023,XXXXXXXX4236,1513,2025-06-08,Single,20250606,,PASSED,,No,Yes,NO
PAYMENT-000024,XXXXXXXX4119,1636,2025-06-21,Single,20250617,,PASSED,,No,Yes,NO
PAYMENT-000025,XXXXXXXX7846,3990,2025-07-25,Single,20250721,,PASSED,,No,Yes,NO
PAYMENT-000026,XXXXXXXX2236,564,2025-07-20,Single,20250717,,PASSED,,No,Yes,NO
PAYMENT-000027,XXXXXXXX5729,2351,2025-06-10,Single,20250609,,PASSED,,No,Yes,NO
PAYMENT-000028,XXXXXXXX2511,987,2025-06-17,Single,20250613,,PASSED,,No,Yes,NO
PAYMENT-000029,XXXXXXXX5235,7810,2025-06-03,Dual,20250529,20250527,PASSED,PASSED,Yes,Yes,NO
PAYMENT-000030,XXXXXXXX7217,7419,2025-07-23,Dual,20250722,20250721,PASSED,PASSED,Yes,Yes,NO
PAYMENT-000031,XXXXXXXX2534,5186,2025-07-03,Dual,20250702,20250630,PASSED,PASSED,Yes,Yes,NO
PAYMENT-000032,XXXXXXXX3847,664,2025-07-17,Single,20250715,,PASSED,,No,Yes,NO
PAYMENT-000033,XXXXXXXX7727,7794,2025-07-01,Dual,20250629,20250627,PASSED,PASSED,Yes,Yes,NO
PAYMENT-000034,XXXXXXXX8674,4904,2025-07-06,Single,20250701,,PASSED,,No,Yes,NO
PAYMENT-000035,XXXXXXXX8167,4200,2025-06-28,Single,20250625,,PASSED,,No,Yes,NO
PAYMENT-000036,XXXXXXXX2421,3727,2025-07-27,Single,20250723,,PASSED,,No,Yes,NO
PAYMENT-000037,XXXXXXXX8104,1838,2025-07-29,Single,20250727,,PASSED,,No,Yes,NO
PAYMENT-000038,XXXXXXXX2982,4922,2025-06-29,Single,20250627,,PASSED,,No,Yes,NO
PAYMENT-000039,XXXXXXXX3950,5288,2025-06-14,Dual,20250609,20250608,PASSED,PASSED,Yes,Yes,NO
PAYMENT-000040,XXXXXXXX9800,6387,2025-07-24,Dual,20250720,20250718,PASSED,PASSED,Yes,Yes,NO
PAYMENT-000041,XXXXXXXX2903,1952,2025-06-21,Single,20250619,,PASSED,,No,Yes,NO
PAYMENT-000042,XXXXXXXX4539,425,2025-06-06,Single,20250605,,PASSED,,No,Yes,NO
PAYMENT-000043,XXXXXXXX9262,7393,2025-07-16,Dual,20250714,20250713,PASSED,PASSED,Yes,Yes,NO
PAYMENT-000044,XXXXXXXX7776,3186,2025-07-17,Single,20250715,,PASSED,,No,Yes,NO
PAYMENT-000045,XXXXXXXX9014,8907,2025-07-23,Dual,20250722,20250720,PASSED,PASSED,Yes,Yes,NO
PAYMENT-000046,XXXXXXXX9678,995,2025-06-15,Single,20250610,,PASSED,,No,Yes,NO
PAYMENT-000047,XXXXXXXX4249,4515,2025-06-05,Single,20250601,,PASSED,,No,Yes,NO
PAYMENT-000048,XXXXXXXX6626,1575,2025-06-24,Single,20250621,,PASSED,,No,Yes,NO
PAYMENT-000049,XXXXXXXX4946,9101,2025-07-07,Dual,20250706,20250705,PASSED,PASSED,Yes,Yes,NO
PAYMENT-000050,XXXXXXXX8582,9805,2025-06-26,Dual,20250623,20250621,PASSED,PASSED,Yes,Yes,NO
PAYMENT-000051,XXXXXXXX1345,4849,2025-07-13,Single,20250709,,PASSED,,No,Yes,NO
PAYMENT-000052,XXXXXXXX4718,8618,2025-06-15,Dual,20250611,20250610,PASSED,PASSED,Yes,Yes,NO
PAYMENT-000053,XXXXXXXX1245,1467,2025-07-13,Single,20250711,,PASSED,,No,Yes,NO
PAYMENT-000054,XXXXXXXX7016,3384,2025-06-19,Single,20250618,,PASSED,,No,Yes,NO
PAYMENT-000055,XXXXXXXX1665,6724,2025-06-04,Dual,20250531,20250530,PASSED,PASSED,Yes,Yes,NO
PAYMENT-000056,XXXXXXXX4834,7420,2025-07-17,Dual,20250715,20250713,PASSED,PASSED,Yes,Yes,NO
PAYMENT-000057,XXXXXXXX5557,3787,2025-07-02,Single,20250701,,PASSED,,No,Yes,NO
PAYMENT-000058,XXXXXXXX6738,9114,2025-07-02,Dual,20250629,20250626,PASSED,PASSED,Yes,Yes,NO
PAYMENT-000059,XXXXXXXX3042,5146,2025-06-22,Dual,20250617,20250616,PASSED,PASSED,Yes,Yes,NO
PAYMENT-000060,XXXXXXXX5070,5011,2025-07-17,Dual,20250716,20250714,PASSED,PASSED,Yes,Yes,NO
PAYMENT-000061,XXXXXXXX7636,6748,2025-06-13,Dual,20250612,20250610,PASSED,PASSED,Yes,Yes,NO
PAYMENT-000062,XXXXXXXX8184,9965,2025-07-08,Dual,20250705,20250702,FAILED,PASSED,Yes,No,NO
PAYMENT-000063,XXXXXXXX6318,2123,2025-06-29,Single,20250627,,PASSED,,No,Yes,NO
PAYMENT-000064,XXXXXXXX3439,6570,2025-06-21,Dual,20250617,20250614,PASSED,PASSED,Yes,Yes,NO
PAYMENT-000065,XXXXXXXX9902,6551,2025-07-08,Dual,20250705,20250702,PASSED,PASSED,Yes,Yes,NO
PAYMENT-000066,XXXXXXXX5266,1092,2025-06-06,Single,20250605,,PASSED,,No,Yes,NO
PAYMENT-000067,XXXXXXXX8395,5160,2025-06-27,Dual,20250625,20250622,PASSED,PASSED,Yes,Yes,NO
PAYMENT-000068,XXXXXXXX8477,7131,2025-07-27,Dual,20250726,20250724,PASSED,PASSED,Yes,Yes,NO
PAYMENT-000069,XXXXXXXX8699,8325,2025-06-11,Dual,20250609,20250607,PASSED,PASSED,Yes,Yes,NO
PAYMENT-000070,XXXXXXXX8917,3722,2025-06-13,Single,20250611,,PASSED,,No,Yes,NO
PAYMENT-000071,XXXXXXXX5372,3512,2025-06-18,Single,20250613,,PASSED,,No,Yes,NO
PAYMENT-000072,XXXXXXXX3284,1013,2025-07-28,Single,20250724,,PASSED,,No,Yes,NO
PAYMENT-000073,XXXXXXXX6957,1769,2025-07-28,Single,20250723,,PASSED,,No,Yes,NO
PAYMENT-000074,XXXXXXXX5917,6754,2025-06-08,Dual,20250606,20250605,PASSED,PASSED,Yes,Yes,NO
PAYMENT-000075,XXXXXXXX2473,9535,2025-06-29,Dual,20250628,20250625,PASSED,PASSED,Yes,Yes,NO
PAYMENT-000076,XXXXXXXX4414,4423,2025-06-13,Single,20250609,,PASSED,,No,Yes,NO
PAYMENT-000077,XXXXXXXX8143,6615,2025-06-28,Dual,20250624,20250622,PASSED,FAILED,Yes,No,NO
PAYMENT-000078,XXXXXXXX5003,877,2025-06-28,Single,20250624,,PASSED,,No,Yes,NO
PAYMENT-000079,XXXXXXXX7718,628,2025-07-19,Single,20250716,,PASSED,,No,Yes,NO
PAYMENT-000080,XXXXXXXX2079,2859,2025-06-14,Single,20250612,,PASSED,,No,Yes,NO
PAYMENT-000081,XXXXXXXX7815,2729,2025-06-06,Single,20250605,,PASSED,,No,Yes,NO
PAYMENT-000082,XXXXXXXX2526,8624,2025-06-19,Dual,20250614,20250611,PASSED,PASSED,Yes,Yes,NO
PAYMENT-000083,XXXXXXXX4256,4219,2025-06-27,Single,20250622,,PASSED,,No,Yes,NO
PAYMENT-000084,XXXXXXXX4709,3640,2025-06-01,Single,20250528,,PASSED,,No,Yes,NO
PAYMENT-000085,XXXXXXXX3701,2843,2025-06-18,Single,20250617,,PASSED,,No,Yes,NO
PAYMENT-000086,XXXXXXXX2789,8438,2025-06-14,Dual,20250612,20250611,PASSED,PASSED,Yes,Yes,NO
PAYMENT-000087,XXXXXXXX9152,5022,2025-06-19,Dual,20250614,20250613,PASSED,PASSED,Yes,Yes,NO
PAYMENT-000088,XXXXXXXX7459,6675,2025-07-30,Dual,20250725,20250723,PASSED,PASSED,Yes,Yes,NO
PAYMENT-000089,XXXXXXXX6679,1677,2025-07-30,Single,20250726,,PASSED,,No,Yes,NO
PAYMENT-000090,XXXXXXXX4954,6437,2025-07-20,Dual,20250718,20250717,PASSED,PASSED,Yes,Yes,NO
PAYMENT-000091,XXXXXXXX7114,977,2025-07-01,Single,20250628,,PASSED,,No,Yes,NO
PAYMENT-000092,XXXXXXXX1578,8997,2025-06-22,Dual,20250620,20250617,PASSED,PASSED,Yes,Yes,NO
PAYMENT-000093,XXXXXXXX6542,258,2025-06-02,Single,20250528,,PASSED,,No,Yes,NO
PAYMENT-000094,XXXXXXXX8010,4616,2025-06-13,Single,20250611,,PASSED,,No,Yes,NO
PAYMENT-000095,XXXXXXXX1965,6084,2025-06-30,Dual,20250626,20250623,PASSED,PASSED,Yes,Yes,NO
PAYMENT-000096,XXXXXXXX1402,1123,2025-06-06,Single,20250605,,PASSED,,No,Yes,NO
PAYMENT-000097,XXXXXXXX1425,7199,2025-07-13,Dual,20250710,20250707,PASSED,PASSED,Yes,Yes,NO
PAYMENT-000098,XXXXXXXX1843,3915,2025-07-19,Single,20250716,,PASSED,,No,Yes,NO
PAYMENT-000099,XXXXXXXX8005,1398,2025-07-11,Single,20250709,,PASSED,,No,Yes,NO
PAYMENT-000100,XXXXXXXX3543,1716,2025-07-23,Single,20250721,,PASSED,,No,Yes,NO
PAYMENT-000101,XXXXXXXX8981,1486,2025-06-01,Single,20250527,,PASSED,,No,Yes,NO
PAYMENT-000102,XXXXXXXX1638,5229,2025-07-11,Dual,20250708,20250706,PASSED,PASSED,Yes,Yes,NO
PAYMENT-000103,XXXXXXXX9144,7945,2025-07-07,Dual,20250705,20250702,PASSED,PASSED,Yes,Yes,NO
PAYMENT-000104,XXXXXXXX4427,1774,2025-06-02,Single,20250531,,PASSED,,No,Yes,NO
PAYMENT-000105,XXXXXXXX4841,2844,2025-07-13,Single,20250712,,PASSED,,No,Yes,NO
PAYMENT-000106,XXXXXXXX4976,3368,2025-07-15,Single,20250713,,PASSED,,No,Yes,NO
PAYMENT-000107,XXXXXXXX1583,8926,2025-07-09,Dual,20250708,20250706,PASSED,PASSED,Yes,Yes,NO
PAYMENT-000108,XXXXXXXX4156,1902,2025-06-12,Single,20250607,,PASSED,,No,Yes,NO
PAYMENT-000109,XXXXXXXX4440,1967,2025-07-08,Single,20250706,,PASSED,,No,Yes,NO
PAYMENT-000110,XXXXXXXX5748,8733,2025-07-04,Dual,20250629,20250628,PASSED,PASSED,Yes,Yes,NO
PAYMENT-000111,XXXXXXXX9287,8721,2025-07-15,Dual,20250711,20250709,PASSED,PASSED,Yes,Yes,NO
PAYMENT-000112,XXXXXXXX6130,908,2025-07-16,Single,20250712,,PASSED,,No,Yes,NO
PAYMENT-000113,XXXXXXXX4254,2475,2025-06-03,Single,20250531,,PASSED,,No,Yes,NO
PAYMENT-000114,XXXXXXXX7038,6391,2025-07-31,Dual,20250726,20250723,FAILED,PASSED,Yes,No,NO
PAYMENT-000115,XXXXXXXX5536,3046,2025-06-10,Single,20250605,,PASSED,,No,Yes,NO
PAYMENT-000116,XXXXXXXX6027,6275,2025-06-12,Dual,20250608,20250605,PASSED,PASSED,Yes,Yes,NO
PAYMENT-000117,XXXXXXXX4419,3818,2025-07-17,Single,20250714,,PASSED,,No,Yes,NO
PAYMENT-000118,XXXXXXXX5750,3201,2025-07-04,Single,20250629,,PASSED,,No,Yes,NO
PAYMENT-000119,XXXXXXXX7634,4302,2025-06-03,Single,20250530,,PASSED,,No,Yes,NO
PAYMENT-000120,XXXXXXXX6828,536,2025-07-26,Single,20250721,,PASSED,,No,Yes,NO
PAYMENT-000121,XXXXXXXX9878,901,2025-07-13,Single,20250712,,PASSED,,No,Yes,NO
PAYMENT-000122,XXXXXXXX7102,5912,2025-06-18,Dual,20250613,20250612,PASSED,PASSED,Yes,Yes,NO
PAYMENT-000123,XXXXXXXX2173,3148,2025-07-30,Single,20250725,,PASSED,,No,Yes,NO
PAYMENT-000124,XXXXXXXX9259,8101,2025-07-29,Single,20250725,,PASSED,,No,Yes,YES
PAYMENT-000125,XXXXXXXX5566,2202,2025-06-24,Single,20250622,,PASSED,,No,Yes,NO
PAYMENT-000126,XXXXXXXX7538,1136,2025-07-31,Single,20250729,,PASSED,,No,Yes,NO
PAYMENT-000127,XXXXXXXX4811,7144,2025-07-16,Dual,20250713,20250712,PASSED,PASSED,Yes,Yes,NO
PAYMENT-000128,XXXXXXXX2354,5938,2025-06-24,Dual,20250622,20250621,PASSED,PASSED,Yes,Yes,NO
PAYMENT-000129,XXXXXXXX3769,3408,2025-07-03,Single,20250629,,PASSED,,No,Yes,NO
PAYMENT-000130,XXXXXXXX4987,9646,2025-06-02,Dual,20250531,20250530,PASSED,PASSED,Yes,Yes,NO
PAYMENT-000131,XXXXXXXX6536,4262,2025-07-19,Single,20250718,,PASSED,,No,Yes,NO
PAYMENT-000132,XXXXXXXX8654,3421,2025-06-22,Single,20250621,,PASSED,,No,Yes,NO
PAYMENT-000133,XXXXXXXX6676,7048,2025-07-08,Dual,20250706,20250705,PASSED,PASSED,Yes,Yes,NO
PAYMENT-000134,XXXXXXXX5745,1377,2025-07-16,Single,20250711,,PASSED,,No,Yes,NO
PAYMENT-000135,XXXXXXXX9361,9881,2025-07-06,Dual,20250701,20250628,PASSED,PASSED,Yes,Yes,NO
PAYMENT-000136,XXXXXXXX6817,385,2025-06-10,Single,20250605,,PASSED,,No,Yes,NO
PAYMENT-000137,XXXXXXXX9713,5668,2025-07-13,Dual,20250711,20250710,PASSED,PASSED,Yes,Yes,NO
PAYMENT-000138,XXXXXXXX3884,8421,2025-06-10,Dual,20250608,20250605,PASSED,PASSED,Yes,Yes,NO
PAYMENT-000139,XXXXXXXX6380,5647,2025-06-16,Dual,20250614,20250613,PASSED,PASSED,Yes,Yes,NO
PAYMENT-000140,XXXXXXXX7909,5796,2025-06-24,Dual,20250623,20250622,PASSED,PASSED,Yes,Yes,NO
PAYMENT-000141,XXXXXXXX9597,4415,2025-06-26,Single,20250625,,PASSED,,No,Yes,NO
PAYMENT-000142,XXXXXXXX3271,8827,2025-06-21,Dual,20250620,20250617,PASSED,PASSED,Yes,Yes,NO
PAYMENT-000143,XXXXXXXX2963,1097,2025-06-16,Single,20250612,,PASSED,,No,Yes,NO
PAYMENT-000144,XXXXXXXX5229,3862,2025-07-28,Single,20250724,,PASSED,,No,Yes,NO
PAYMENT-000145,XXXXXXXX5192,7107,2025-07-04,Dual,20250629,20250627,PASSED,PASSED,Yes,Yes,NO
PAYMENT-000146,XXXXXXXX6360,3641,2025-06-04,Single,20250531,,PASSED,,No,Yes,NO
PAYMENT-000147,XXXXXXXX9651,5195,2025-06-20,Single,20250617,,PASSED,,No,Yes,YES
PAYMENT-000148,XXXXXXXX8057,1650,2025-07-11,Single,20250707,,PASSED,,No,Yes,NO
PAYMENT-000149,XXXXXXXX3617,2754,2025-06-12,Single,20250609,,PASSED,,No,Yes,NO
PAYMENT-000150,XXXXXXXX8371,4553,2025-07-02,Single,20250701,,PASSED,,No,Yes,NO
PAYMENT-000151,XXXXXXXX1106,3893,2025-06-17,Single,20250612,,PASSED,,No,Yes,NO
PAYMENT-000152,XXXXXXXX9816,3194,2025-06-03,Single,20250601,,PASSED,,No,Yes,NO
PAYMENT-000153,XXXXXXXX2372,9844,2025-06-14,Dual,20250612,20250610,PASSED,PASSED,Yes,Yes,NO
PAYMENT-000154,XXXXXXXX2852,7328,2025-07-21,Dual,20250717,20250714,PASSED,PASSED,Yes,Yes,NO
PAYMENT-000155,XXXXXXXX6618,873,2025-06-06,Single,20250605,,PASSED,,No,Yes,NO
PAYMENT-000156,XXXXXXXX1492,7693,2025-07-07,Dual,20250704,20250701,PASSED,PASSED,Yes,Yes,NO
PAYMENT-000157,XXXXXXXX7836,5009,2025-06-09,Dual,20250606,20250605,PASSED,PASSED,Yes,Yes,NO
PAYMENT-000158,XXXXXXXX2024,3513,2025-07-31,Single,20250728,,PASSED,,No,Yes,NO
PAYMENT-000159,XXXXXXXX4602,1557,2025-06-20,Single,20250616,,PASSED,,No,Yes,NO
PAYMENT-000160,XXXXXXXX2259,1940,2025-06-16,Single,20250611,,PASSED,,No,Yes,NO
PAYMENT-000161,XXXXXXXX1732,3359,2025-06-02,Single,20250531,,PASSED,,No,Yes,NO
PAYMENT-000162,XXXXXXXX4018,7313,2025-06-02,Dual,20250530,20250529,PASSED,PASSED,Yes,Yes,NO
PAYMENT-000163,XXXXXXXX7683,7226,2025-07-31,Dual,20250728,20250726,PASSED,PASSED,Yes,Yes,NO
PAYMENT-000164,XXXXXXXX5039,9182,2025-07-11,Dual,20250710,20250707,PASSED,PASSED,Yes,Yes,NO
PAYMENT-000165,XXXXXXXX2071,2957,2025-07-13,Single,20250711,,PASSED,,No,Yes,NO
PAYMENT-000166,XXXXXXXX8961,4017,2025-06-16,Single,20250614,,PASSED,,No,Yes,NO
PAYMENT-000167,XXXXXXXX6198,6488,2025-07-19,Dual,20250717,20250714,PASSED,PASSED,Yes,Yes,NO
PAYMENT-000168,XXXXXXXX7334,9744,2025-07-02,Dual,20250701,20250630,PASSED,PASSED,Yes,Yes,NO
PAYMENT-000169,XXXXXXXX8617,5992,2025-06-05,Single,20250604,,PASSED,,No,Yes,YES
PAYMENT-000170,XXXXXXXX4198,9121,2025-06-15,Dual,20250611,20250608,PASSED,PASSED,Yes,Yes,NO
PAYMENT-000171,XXXXXXXX8423,1015,2025-07-11,Single,20250707,,PASSED,,No,Yes,NO
PAYMENT-000172,XXXXXXXX3069,8740,2025-07-16,Dual,20250715,20250712,PASSED,PASSED,Yes,Yes,NO
PAYMENT-000173,XXXXXXXX5021,3420,2025-07-11,Single,20250709,,PASSED,,No,Yes,NO
PAYMENT-000174,XXXXXXXX9285,3323,2025-06-12,Single,20250607,,PASSED,,No,Yes,NO
PAYMENT-000175,XXXXXXXX8907,1328,2025-07-14,Single,20250712,,PASSED,,No,Yes,NO
PAYMENT-000176,XXXXXXXX3580,2581,2025-07-14,Single,20250710,,PASSED,,No,Yes,NO
PAYMENT-000177,XXXXXXXX3066,4774,2025-07-07,Single,20250704,,PASSED,,No,Yes,NO
PAYMENT-000178,XXXXXXXX8639,9188,2025-07-01,Dual,20250627,20250624,PASSED,PASSED,Yes,Yes,NO
PAYMENT-000179,XXXXXXXX2216,8503,2025-06-02,Dual,20250601,20250531,PASSED,PASSED,Yes,Yes,NO
PAYMENT-000180,XXXXXXXX7011,6319,2025-06-01,Dual,20250528,20250527,PASSED,PASSED,Yes,Yes,NO
PAYMENT-000181,XXXXXXXX6546,8902,2025-06-13,Dual,20250612,20250611,FAILED,PASSED,Yes,No,NO
PAYMENT-000182,XXXXXXXX3798,1250,2025-07-24,Single,20250721,,PASSED,,No,Yes,NO
PAYMENT-000183,XXXXXXXX2088,5730,2025-06-17,Dual,20250614,20250611,PASSED,PASSED,Yes,Yes,NO
PAYMENT-000184,XXXXXXXX3541,2856,2025-07-06,Single,20250705,,PASSED,,No,Yes,NO
PAYMENT-000185,XXXXXXXX7049,9251,2025-06-16,Dual,20250614,20250612,PASSED,FAILED,Yes,No,NO
PAYMENT-000186,XXXXXXXX5600,2341,2025-06-07,Single,20250606,,PASSED,,No,Yes,NO
PAYMENT-000187,XXXXXXXX6319,3645,2025-06-03,Single,20250602,,PASSED,,No,Yes,NO
PAYMENT-000188,XXXXXXXX7050,3495,2025-06-10,Single,20250607,,PASSED,,No,Yes,NO
PAYMENT-000189,XXXXXXXX2352,3239,2025-06-15,Single,20250614,,PASSED,,No,Yes,NO
PAYMENT-000190,XXXXXXXX1719,982,2025-06-12,Single,20250611,,PASSED,,No,Yes,NO
PAYMENT-000191,XXXXXXXX8617,555,2025-07-01,Single,20250630,,PASSED,,No,Yes,NO
PAYMENT-000192,XXXXXXXX5865,3381,2025-07-30,Single,20250729,,PASSED,,No,Yes,NO
PAYMENT-000193,XXXXXXXX3192,7715,2025-06-16,Dual,20250614,20250613,FAILED,PASSED,Yes,No,NO
PAYMENT-000194,XXXXXXXX8102,7381,2025-06-19,Dual,20250618,20250615,PASSED,PASSED,Yes,Yes,NO
PAYMENT-000195,XXXXXXXX5005,9910,2025-06-08,Dual,20250605,20250602,PASSED,PASSED,Yes,Yes,NO
PAYMENT-000196,XXXXXXXX4575,9127,2025-07-27,Dual,20250725,20250723,PASSED,PASSED,Yes,Yes,NO
PAYMENT-000197,XXXXXXXX3975,1579,2025-07-30,Single,20250729,,PASSED,,No,Yes,NO
PAYMENT-000198,XXXXXXXX6888,3937,2025-07-21,Single,20250719,,PASSED,,No,Yes,NO
PAYMENT-000199,XXXXXXXX9342,4834,2025-06-04,Single,20250602,,PASSED,,No,Yes,NO
PAYMENT-000200,XXXXXXXX2563,8137,2025-06-08,Dual,20250605,20250603,PASSED,PASSED,Yes,Yes,NO
PAYMENT-000201,XXXXXXXX2749,9052,2025-06-19,Dual,20250616,20250615,PASSED,PASSED,Yes,Yes,NO
PAYMENT-000202,XXXXXXXX2989,9438,2025-07-12,Dual,20250711,20250708,PASSED,PASSED,Yes,Yes,NO
PAYMENT-000203,XXXXXXXX8969,8143,2025-07-13,Dual,20250709,20250708,PASSED,PASSED,Yes,Yes,NO
PAYMENT-000204,XXXXXXXX9426,8322,2025-07-16,Dual,20250711,20250710,FAILED,PASSED,Yes,No,NO
PAYMENT-000205,XXXXXXXX1765,7132,2025-07-05,Dual,20250703,20250701,PASSED,PASSED,Yes,Yes,NO
PAYMENT-000206,XXXXXXXX6095,2705,2025-07-22,Single,20250717,,PASSED,,No,Yes,NO
PAYMENT-000207,XXXXXXXX9637,3150,2025-06-16,Single,20250615,,PASSED,,No,Yes,NO
PAYMENT-000208,XXXXXXXX2735,7886,2025-06-04,Dual,20250530,20250527,PASSED,PASSED,Yes,Yes,NO
PAYMENT-000209,XXXXXXXX2964,389,2025-06-22,Single,20250619,,PASSED,,No,Yes,NO
PAYMENT-000210,XXXXXXXX6188,6456,2025-07-05,Dual,20250701,20250628,PASSED,PASSED,Yes,Yes,NO
PAYMENT-000211,XXXXXXXX6926,9345,2025-06-28,Dual,20250626,20250624,PASSED,PASSED,Yes,Yes,NO
PAYMENT-000212,XXXXXXXX8127,8684,2025-06-25,Dual,20250624,20250622,PASSED,PASSED,Yes,Yes,NO
PAYMENT-000213,XXXXXXXX1116,7015,2025-06-29,Dual,20250626,20250623,PASSED,PASSED,Yes,Yes,NO
PAYMENT-000214,XXXXXXXX6840,9070,2025-07-05,Dual,20250630,20250629,PASSED,PASSED,Yes,Yes,NO
PAYMENT-000215,XXXXXXXX3059,9626,2025-07-27,Dual,20250722,20250721,PASSED,PASSED,Yes,Yes,NO
PAYMENT-000216,XXXXXXXX8359,6684,2025-07-18,Dual,20250713,20250711,PASSED,PASSED,Yes,Yes,NO
PAYMENT-000217,XXXXXXXX1256,1835,2025-07-03,Single,20250630,,PASSED,,No,Yes,NO
PAYMENT-000218,XXXXXXXX5662,6982,2025-07-09,Dual,20250708,20250705,PASSED,PASSED,Yes,Yes,NO
PAYMENT-000219,XXXXXXXX6708,2258,2025-07-15,Single,20250711,,PASSED,,No,Yes,NO
PAYMENT-000220,XXXXXXXX5662,3717,2025-06-23,Single,20250621,,FAILED,,No,No,NO
PAYMENT-000221,XXXXXXXX3843,6097,2025-06-24,Dual,20250623,20250622,PASSED,PASSED,Yes,Yes,NO
PAYMENT-000222,XXXXXXXX2654,8051,2025-07-25,Dual,20250720,20250717,PASSED,PASSED,Yes,Yes,NO
PAYMENT-000223,XXXXXXXX7810,9413,2025-06-09,Dual,20250605,20250603,PASSED,PASSED,Yes,Yes,NO
PAYMENT-000224,XXXXXXXX8942,8718,2025-06-20,Dual,20250615,20250612,PASSED,PASSED,Yes,Yes,NO
PAYMENT-000225,XXXXXXXX8294,1079,2025-06-26,Single,20250622,,PASSED,,No,Yes,NO
PAYMENT-000226,XXXXXXXX1810,9798,2025-07-22,Dual,20250721,20250718,PASSED,PASSED,Yes,Yes,NO
PAYMENT-000227,XXXXXXXX4654,9406,2025-07-16,Dual,20250712,20250710,FAILED,PASSED,Yes,No,NO
PAYMENT-000228,XXXXXXXX8671,7372,2025-06-19,Dual,20250615,20250612,PASSED,PASSED,Yes,Yes,NO
PAYMENT-000229,XXXXXXXX2686,651,2025-07-29,Single,20250724,,PASSED,,No,Yes,NO
PAYMENT-000230,XXXXXXXX4153,5958,2025-06-18,Dual,20250617,20250616,PASSED,PASSED,Yes,Yes,NO
PAYMENT-000231,XXXXXXXX5116,2328,2025-07-03,Single,20250701,,PASSED,,No,Yes,NO
PAYMENT-000232,XXXXXXXX6674,8431,2025-06-17,Dual,20250615,20250613,PASSED,PASSED,Yes,Yes,NO
PAYMENT-000233,XXXXXXXX6645,4795,2025-06-02,Single,20250528,,PASSED,,No,Yes,NO
PAYMENT-000234,XXXXXXXX3072,3142,2025-06-29,Single,20250628,,PASSED,,No,Yes,NO
PAYMENT-000235,XXXXXXXX9492,9145,2025-06-10,Dual,20250608,20250607,PASSED,PASSED,Yes,Yes,NO
PAYMENT-000236,XXXXXXXX9809,9988,2025-06-02,Dual,20250530,20250527,PASSED,PASSED,Yes,Yes,NO
PAYMENT-000237,XXXXXXXX8991,3168,2025-07-20,Single,20250717,,PASSED,,No,Yes,NO
PAYMENT-000238,XXXXXXXX4651,3670,2025-07-05,Single,20250630,,PASSED,,No,Yes,NO
PAYMENT-000239,XXXXXXXX1333,1666,2025-07-15,Single,20250710,,PASSED,,No,Yes,NO
PAYMENT-000240,XXXXXXXX8288,4443,2025-07-07,Single,20250705,,PASSED,,No,Yes,NO
PAYMENT-000241,XXXXXXXX5597,4798,2025-06-29,Single,20250624,,PASSED,,No,Yes,NO
PAYMENT-000242,XXXXXXXX3499,3909,2025-06-21,Single,20250619,,PASSED,,No,Yes,NO
PAYMENT-000243,XXXXXXXX7186,3988,2025-07-24,Single,20250720,,PASSED,,No,Yes,NO
PAYMENT-000244,XXXXXXXX3608,1195,2025-07-12,Single,20250708,,PASSED,,No,Yes,NO
PAYMENT-000245,XXXXXXXX3990,3858,2025-07-16,Single,20250713,,PASSED,,No,Yes,NO
PAYMENT-000246,XXXXXXXX6761,4119,2025-06-16,Single,20250615,,PASSED,,No,Yes,NO
PAYMENT-000247,XXXXXXXX5308,178,2025-07-07,Single,20250705,,PASSED,,No,Yes,NO
PAYMENT-000248,XXXXXXXX4685,7716,2025-06-06,Dual,20250602,20250530,PASSED,PASSED,Yes,Yes,NO
PAYMENT-000249,XXXXXXXX4665,4149,2025-06-08,Single,20250607,,PASSED,,No,Yes,NO
PAYMENT-000250,XXXXXXXX5823,2113,2025-07-11,Single,20250706,,PASSED,,No,Yes,NO
PAYMENT-000251,XXXXXXXX8548,4176,2025-07-23,Single,20250719,,PASSED,,No,Yes,NO
PAYMENT-000252,XXXXXXXX3905,3379,2025-07-27,Single,20250722,,PASSED,,No,Yes,NO
PAYMENT-000253,XXXXXXXX4761,243,2025-06-29,Single,20250624,,PASSED,,No,Yes,NO
PAYMENT-000254,XXXXXXXX3348,6109,2025-07-21,Dual,20250720,20250717,PASSED,PASSED,Yes,Yes,NO
PAYMENT-000255,XXXXXXXX4159,8298,2025-06-12,Dual,20250609,20250606,PASSED,PASSED,Yes,Yes,NO
PAYMENT-000256,XXXXXXXX7081,8651,2025-06-11,Dual,20250609,20250607,PASSED,PASSED,Yes,Yes,NO
PAYMENT-000257,XXXXXXXX9458,7800,2025-07-12,Dual,20250708,20250706,PASSED,PASSED,Yes,Yes,NO
PAYMENT-000258,XXXXXXXX8641,1683,2025-07-01,Single,20250628,,FAILED,,No,No,NO
PAYMENT-000259,XXXXXXXX3271,2087,2025-06-03,Single,20250529,,PASSED,,No,Yes,NO
PAYMENT-000260,XXXXXXXX6499,3484,2025-06-02,Single,20250530,,PASSED,,No,Yes,NO
PAYMENT-000261,XXXXXXXX7947,5763,2025-07-27,Dual,20250726,20250725,PASSED,PASSED,Yes,Yes,NO
PAYMENT-000262,XXXXXXXX5851,4571,2025-07-05,Single,20250701,,PASSED,,No,Yes,NO
PAYMENT-000263,XXXXXXXX6397,1533,2025-07-11,Single,20250708,,PASSED,,No,Yes,NO
PAYMENT-000264,XXXXXXXX3915,8379,2025-06-14,Dual,20250612,20250610,PASSED,PASSED,Yes,Yes,NO
PAYMENT-000265,XXXXXXXX2361,6588,2025-07-20,Dual,20250717,20250716,PASSED,PASSED,Yes,Yes,NO
PAYMENT-000266,XXXXXXXX2863,8429,2025-06-09,Dual,20250608,20250606,PASSED,PASSED,Yes,Yes,NO
PAYMENT-000267,XXXXXXXX6721,4866,2025-07-02,Single,20250627,,PASSED,,No,Yes,NO
PAYMENT-000268,XXXXXXXX5059,803,2025-06-15,Single,20250613,,PASSED,,No,Yes,NO
PAYMENT-000269,XXXXXXXX2096,8239,2025-07-31,Dual,20250729,20250728,PASSED,PASSED,Yes,Yes,NO
PAYMENT-000270,XXXXXXXX1386,185,2025-06-10,Single,20250608,,PASSED,,No,Yes,NO
PAYMENT-000271,XXXXXXXX2371,7329,2025-06-08,Dual,20250607,20250604,PASSED,PASSED,Yes,Yes,NO
PAYMENT-000272,XXXXXXXX3306,6456,2025-06-26,Dual,20250625,20250624,PASSED,PASSED,Yes,Yes,NO
PAYMENT-000273,XXXXXXXX7298,1238,2025-07-11,Single,20250709,,PASSED,,No,Yes,NO
PAYMENT-000274,XXXXXXXX8572,7186,2025-07-17,Dual,20250713,20250711,PASSED,PASSED,Yes,Yes,NO
PAYMENT-000275,XXXXXXXX9770,774,2025-07-22,Single,20250720,,PASSED,,No,Yes,NO
PAYMENT-000276,XXXXXXXX9746,4608,2025-06-14,Single,20250609,,PASSED,,No,Yes,NO
PAYMENT-000277,XXXXXXXX6939,8221,2025-07-05,Dual,20250630,20250627,PASSED,PASSED,Yes,Yes,NO
PAYMENT-000278,XXXXXXXX8931,2370,2025-06-10,Single,20250606,,PASSED,,No,Yes,NO
PAYMENT-000279,XXXXXXXX8177,895,2025-07-09,Single,20250707,,PASSED,,No,Yes,NO
PAYMENT-000280,XXXXXXXX8813,9879,2025-06-09,Dual,20250604,20250602,PASSED,PASSED,Yes,Yes,NO
PAYMENT-000281,XXXXXXXX1139,8526,2025-07-02,Dual,20250628,20250627,PASSED,PASSED,Yes,Yes,NO
PAYMENT-000282,XXXXXXXX3055,3965,2025-07-30,Single,20250728,,PASSED,,No,Yes,NO
PAYMENT-000283,XXXXXXXX8502,7595,2025-07-28,Dual,20250727,20250726,PASSED,PASSED,Yes,Yes,NO
PAYMENT-000284,XXXXXXXX3343,7842,2025-06-06,Dual,20250604,20250603,PASSED,PASSED,Yes,Yes,NO
PAYMENT-000285,XXXXXXXX8193,5763,2025-07-02,Dual,20250630,20250629,PASSED,PASSED,Yes,Yes,NO
PAYMENT-000286,XXXXXXXX9471,9244,2025-06-24,Dual,20250619,20250617,PASSED,PASSED,Yes,Yes,NO
PAYMENT-000287,XXXXXXXX8081,3670,2025-06-24,Single,20250619,,PASSED,,No,Yes,NO
PAYMENT-000288,XXXXXXXX3659,5635,2025-07-17,Dual,20250713,20250711,PASSED,PASSED,Yes,Yes,NO
PAYMENT-000289,XXXXXXXX9193,1015,2025-07-11,Single,20250710,,PASSED,,No,Yes,NO
PAYMENT-000290,XXXXXXXX8399,4974,2025-07-29,Single,20250724,,PASSED,,No,Yes,NO
PAYMENT-000291,XXXXXXXX1827,6154,2025-07-27,Dual,20250724,20250723,PASSED,PASSED,Yes,Yes,NO
PAYMENT-000292,XXXXXXXX3702,3582,2025-07-14,Single,20250709,,PASSED,,No,Yes,NO
PAYMENT-000293,XXXXXXXX1193,2738,2025-06-08,Single,20250606,,PASSED,,No,Yes,NO
PAYMENT-000294,XXXXXXXX1576,8219,2025-06-27,Dual,20250623,20250622,PASSED,PASSED,Yes,Yes,NO
PAYMENT-000295,XXXXXXXX2903,4465,2025-06-16,Single,20250611,,PASSED,,No,Yes,NO
PAYMENT-000296,XXXXXXXX9751,8463,2025-07-06,Dual,20250703,20250630,PASSED,PASSED,Yes,Yes,NO
PAYMENT-000297,XXXXXXXX3170,2284,2025-06-21,Single,20250618,,PASSED,,No,Yes,NO
PAYMENT-000298,XXXXXXXX8974,1268,2025-06-26,Single,20250623,,PASSED,,No,Yes,NO
PAYMENT-000299,XXXXXXXX7147,7956,2025-07-05,Dual,20250630,20250629,PASSED,PASSED,Yes,Yes,NO
PAYMENT-000300,XXXXXXXX6843,2085,2025-06-25,Single,20250621,,PASSED,,No,Yes,NO
PAYMENT-000301,XXXXXXXX2738,3159,2025-07-19,Single,20250718,,PASSED,,No,Yes,NO
PAYMENT-000302,XXXXXXXX6837,6797,2025-06-24,Dual,20250622,20250619,PASSED,PASSED,Yes,Yes,NO
PAYMENT-000303,XXXXXXXX9158,9272,2025-06-29,Dual,20250626,20250623,PASSED,FAILED,Yes,No,NO
PAYMENT-000304,XXXXXXXX8839,7656,2025-06-06,Dual,20250603,20250601,PASSED,PASSED,Yes,Yes,NO
PAYMENT-000305,XXXXXXXX7271,4624,2025-07-22,Single,20250717,,PASSED,,No,Yes,NO
PAYMENT-000306,XXXXXXXX2069,2310,2025-06-11,Single,20250608,,PASSED,,No,Yes,NO
PAYMENT-000307,XXXXXXXX4229,370,2025-07-18,Single,20250716,,PASSED,,No,Yes,NO
PAYMENT-000308,XXXXXXXX6482,1864,2025-06-12,Single,20250611,,PASSED,,No,Yes,NO
PAYMENT-000309,XXXXXXXX7904,1942,2025-06-05,Single,20250604,,PASSED,,No,Yes,NO
PAYMENT-000310,XXXXXXXX4250,8379,2025-06-19,Dual,20250618,20250616,PASSED,PASSED,Yes,Yes,NO
PAYMENT-000311,XXXXXXXX1516,4822,2025-06-18,Single,20250615,,PASSED,,No,Yes,NO
PAYMENT-000312,XXXXXXXX6991,8418,2025-06-24,Dual,20250620,20250618,PASSED,PASSED,Yes,Yes,NO
PAYMENT-000313,XXXXXXXX3161,5763,2025-06-12,Dual,20250610,20250607,PASSED,PASSED,Yes,Yes,NO
PAYMENT-000314,XXXXXXXX1573,1978,2025-07-03,Single,20250628,,PASSED,,No,Yes,NO
PAYMENT-000315,XXXXXXXX8585,2527,2025-06-01,Single,20250527,,PASSED,,No,Yes,NO
PAYMENT-000316,XXXXXXXX9173,9335,2025-07-25,Dual,20250722,20250719,PASSED,PASSED,Yes,Yes,NO
PAYMENT-000317,XXXXXXXX8835,557,2025-07-01,Single,20250629,,PASSED,,No,Yes,NO
PAYMENT-000318,XXXXXXXX5296,6615,2025-07-16,Dual,20250713,20250710,PASSED,FAILED,Yes,No,NO
PAYMENT-000319,XXXXXXXX4450,7331,2025-07-29,Dual,20250724,20250721,PASSED,PASSED,Yes,Yes,NO
PAYMENT-000320,XXXXXXXX9848,7915,2025-07-06,Dual,20250704,20250702,PASSED,PASSED,Yes,Yes,NO
PAYMENT-000321,XXXXXXXX5436,9396,2025-07-01,Dual,20250630,20250628,PASSED,PASSED,Yes,Yes,NO
PAYMENT-000322,XXXXXXXX6163,7581,2025-06-15,Dual,20250614,20250611,PASSED,PASSED,Yes,Yes,NO
PAYMENT-000323,XXXXXXXX1788,6313,2025-06-13,Dual,20250610,20250609,PASSED,PASSED,Yes,Yes,NO
PAYMENT-000324,XXXXXXXX6973,2579,2025-07-01,Single,20250630,,PASSED,,No,Yes,NO
PAYMENT-000325,XXXXXXXX1640,5611,2025-06-16,Dual,20250611,20250610,PASSED,PASSED,Yes,Yes,NO
PAYMENT-000326,XXXXXXXX9359,8098,2025-07-30,Dual,20250728,20250726,PASSED,PASSED,Yes,Yes,NO
PAYMENT-000327,XXXXXXXX7080,9816,2025-06-20,Dual,20250615,20250613,PASSED,PASSED,Yes,Yes,NO
PAYMENT-000328,XXXXXXXX9501,8651,2025-06-14,Dual,20250613,20250612,PASSED,PASSED,Yes,Yes,NO
PAYMENT-000329,XXXXXXXX9303,9313,2025-06-06,Dual,20250603,20250531,PASSED,PASSED,Yes,Yes,NO
PAYMENT-000330,XXXXXXXX9304,6567,2025-06-25,Dual,20250624,20250621,PASSED,PASSED,Yes,Yes,NO
PAYMENT-000331,XXXXXXXX4813,8544,2025-06-30,Dual,20250625,20250622,PASSED,PASSED,Yes,Yes,NO
PAYMENT-000332,XXXXXXXX2537,5105,2025-06-13,Dual,20250608,20250607,PASSED,PASSED,Yes,Yes,NO
PAYMENT-000333,XXXXXXXX2085,2948,2025-06-21,Single,20250617,,PASSED,,No,Yes,NO
PAYMENT-000334,XXXXXXXX4538,9697,2025-06-03,Dual,20250601,20250531,PASSED,PASSED,Yes,Yes,NO
PAYMENT-000335,XXXXXXXX7587,1894,2025-07-18,Single,20250713,,PASSED,,No,Yes,NO
PAYMENT-000336,XXXXXXXX5112,9303,2025-07-14,Dual,20250709,20250708,FAILED,PASSED,Yes,No,NO
PAYMENT-000337,XXXXXXXX3577,7933,2025-07-23,Dual,20250722,20250719,PASSED,PASSED,Yes,Yes,NO
PAYMENT-000338,XXXXXXXX5332,3121,2025-06-18,Single,20250615,,PASSED,,No,Yes,NO
PAYMENT-000339,XXXXXXXX4509,6869,2025-07-11,Dual,20250709,20250708,PASSED,PASSED,Yes,Yes,NO
PAYMENT-000340,XXXXXXXX3488,1612,2025-06-23,Single,20250622,,PASSED,,No,Yes,NO
PAYMENT-000341,XXXXXXXX4782,7615,2025-07-25,Dual,20250721,20250719,PASSED,PASSED,Yes,Yes,NO
PAYMENT-000342,XXXXXXXX2608,7175,2025-07-07,Dual,20250703,20250702,PASSED,PASSED,Yes,Yes,NO
PAYMENT-000343,XXXXXXXX4022,9286,2025-06-29,Dual,20250627,20250624,PASSED,PASSED,Yes,Yes,NO
PAYMENT-000344,XXXXXXXX4295,6210,2025-06-03,Dual,20250529,20250527,PASSED,PASSED,Yes,Yes,NO
PAYMENT-000345,XXXXXXXX5047,9200,2025-07-30,Dual,20250725,20250722,PASSED,PASSED,Yes,Yes,NO
PAYMENT-000346,XXXXXXXX2957,5141,2025-06-19,Dual,20250615,20250614,PASSED,PASSED,Yes,Yes,NO
PAYMENT-000347,XXXXXXXX4984,6951,2025-07-30,Dual,20250728,20250725,PASSED,PASSED,Yes,Yes,NO
PAYMENT-000348,XXXXXXXX1819,7579,2025-07-23,Dual,20250721,20250718,PASSED,PASSED,Yes,Yes,NO
PAYMENT-000349,XXXXXXXX1954,8674,2025-07-13,Dual,20250710,20250707,PASSED,PASSED,Yes,Yes,NO
PAYMENT-000350,XXXXXXXX4651,6416,2025-06-28,Dual,20250625,20250623,PASSED,PASSED,Yes,Yes,NO
PAYMENT-000351,XXXXXXXX3591,1812,2025-07-31,Single,20250729,,PASSED,,No,Yes,NO
PAYMENT-000352,XXXXXXXX7682,1503,2025-06-14,Single,20250613,,PASSED,,No,Yes,NO
PAYMENT-000353,XXXXXXXX3231,7742,2025-07-20,Dual,20250717,20250716,PASSED,PASSED,Yes,Yes,NO
PAYMENT-000354,XXXXXXXX2097,3467,2025-06-07,Single,20250604,,PASSED,,No,Yes,NO
PAYMENT-000355,XXXXXXXX3542,7799,2025-06-03,Dual,20250602,20250530,PASSED,PASSED,Yes,Yes,NO
PAYMENT-000356,XXXXXXXX5804,5375,2025-07-12,Dual,20250708,20250707,PASSED,PASSED,Yes,Yes,NO
PAYMENT-000357,XXXXXXXX9558,7821,2025-07-17,Dual,20250715,20250713,PASSED,PASSED,Yes,Yes,NO
PAYMENT-000358,XXXXXXXX2578,6768,2025-06-23,Dual,20250619,20250617,PASSED,PASSED,Yes,Yes,NO
PAYMENT-000359,XXXXXXXX4431,7954,2025-06-13,Dual,20250611,20250608,PASSED,PASSED,Yes,Yes,NO
PAYMENT-000360,XXXXXXXX9571,3482,2025-06-08,Single,20250605,,PASSED,,No,Yes,NO
PAYMENT-000361,XXXXXXXX7183,8768,2025-06-30,Dual,20250627,20250625,PASSED,PASSED,Yes,Yes,NO
PAYMENT-000362,XXXXXXXX6817,6851,2025-06-03,Dual,20250601,20250531,PASSED,PASSED,Yes,Yes,NO
PAYMENT-000363,XXXXXXXX6337,1415,2025-07-09,Single,20250705,,PASSED,,No,Yes,NO
PAYMENT-000364,XXXXXXXX5796,5244,2025-06-07,Dual,20250605,20250602,PASSED,PASSED,Yes,Yes,NO
PAYMENT-000365,XXXXXXXX2049,7297,2025-06-11,Dual,20250608,20250605,PASSED,PASSED,Yes,Yes,NO
PAYMENT-000366,XXXXXXXX2655,3493,2025-06-05,Single,20250602,,FAILED,,No,No,NO
PAYMENT-000367,XXXXXXXX1814,9426,2025-06-17,Dual,20250614,20250613,PASSED,PASSED,Yes,Yes,NO
PAYMENT-000368,XXXXXXXX3212,6850,2025-06-02,Dual,20250530,20250527,PASSED,PASSED,Yes,Yes,NO
PAYMENT-000369,XXXXXXXX8322,2785,2025-06-09,Single,20250607,,FAILED,,No,No,NO
PAYMENT-000370,XXXXXXXX3522,9763,2025-07-24,Dual,20250721,20250718,FAILED,PASSED,Yes,No,NO
PAYMENT-000371,XXXXXXXX3925,3076,2025-07-23,Single,20250722,,PASSED,,No,Yes,NO
PAYMENT-000372,XXXXXXXX5209,1223,2025-07-02,Single,20250628,,FAILED,,No,No,NO
PAYMENT-000373,XXXXXXXX9613,872,2025-06-20,Single,20250616,,PASSED,,No,Yes,NO
PAYMENT-000374,XXXXXXXX5683,5235,2025-07-29,Dual,20250728,20250726,PASSED,PASSED,Yes,Yes,NO
PAYMENT-000375,XXXXXXXX3068,3491,2025-07-01,Single,20250628,,FAILED,,No,No,NO
PAYMENT-000376,XXXXXXXX6423,4546,2025-06-20,Single,20250617,,PASSED,,No,Yes,NO
PAYMENT-000377,XXXXXXXX1698,3687,2025-07-14,Single,20250709,,PASSED,,No,Yes,NO
PAYMENT-000378,XXXXXXXX3417,1785,2025-07-31,Single,20250728,,FAILED,,No,No,NO
PAYMENT-000379,XXXXXXXX9133,9840,2025-06-29,Dual,20250627,20250624,PASSED,PASSED,Yes,Yes,NO
PAYMENT-000380,XXXXXXXX4549,9213,2025-07-06,Dual,20250701,20250629,PASSED,PASSED,Yes,Yes,NO
PAYMENT-000381,XXXXXXXX9395,7399,2025-06-20,Dual,20250617,20250616,PASSED,PASSED,Yes,Yes,NO
PAYMENT-000382,XXXXXXXX3435,9652,2025-07-21,Dual,20250717,20250714,PASSED,PASSED,Yes,Yes,NO
PAYMENT-000383,XXXXXXXX2429,6593,2025-06-16,Dual,20250615,20250613,PASSED,PASSED,Yes,Yes,NO
PAYMENT-000384,XXXXXXXX7211,5560,2025-07-27,Dual,20250725,20250722,PASSED,PASSED,Yes,Yes,NO
PAYMENT-000385,XXXXXXXX8714,4957,2025-06-25,Single,20250623,,PASSED,,No,Yes,NO
PAYMENT-000386,XXXXXXXX3088,7132,2025-06-04,Dual,20250531,20250530,PASSED,PASSED,Yes,Yes,NO
PAYMENT-000387,XXXXXXXX6731,9276,2025-07-18,Dual,20250714,20250713,PASSED,PASSED,Yes,Yes,NO
PAYMENT-000388,XXXXXXXX3519,6813,2025-07-29,Dual,20250724,20250722,PASSED,PASSED,Yes,Yes,NO
PAYMENT-000389,XXXXXXXX4194,2170,2025-07-11,Single,20250708,,PASSED,,No,Yes,NO
PAYMENT-000390,XXXXXXXX9812,8748,2025-07-06,Dual,20250704,20250702,PASSED,PASSED,Yes,Yes,NO
PAYMENT-000391,XXXXXXXX7035,7572,2025-07-28,Dual,20250724,20250722,PASSED,PASSED,Yes,Yes,NO
PAYMENT-000392,XXXXXXXX4090,9300,2025-06-21,Dual,20250617,20250615,PASSED,PASSED,Yes,Yes,NO
PAYMENT-000393,XXXXXXXX1780,3289,2025-07-08,Single,20250707,,FAILED,,No,No,NO
PAYMENT-000394,XXXXXXXX2852,7945,2025-06-24,Dual,20250619,20250618,PASSED,PASSED,Yes,Yes,NO
PAYMENT-000395,XXXXXXXX8700,4869,2025-06-09,Single,20250604,,PASSED,,No,Yes,NO
PAYMENT-000396,XXXXXXXX4809,9030,2025-07-20,Dual,20250717,20250716,PASSED,PASSED,Yes,Yes,NO
PAYMENT-000397,XXXXXXXX2948,9161,2025-07-30,Dual,20250727,20250726,PASSED,PASSED,Yes,Yes,NO
PAYMENT-000398,XXXXXXXX5890,1005,2025-07-31,Single,20250727,,PASSED,,No,Yes,NO
PAYMENT-000399,XXXXXXXX6148,8724,2025-07-04,Dual,20250701,20250630,PASSED,PASSED,Yes,Yes,NO
PAYMENT-000400,XXXXXXXX8803,1829,2025-06-26,Single,20250623,,PASSED,,No,Yes,NO
PAYMENT-000401,XXXXXXXX6325,674,2025-06-04,Single,20250530,,PASSED,,No,Yes,NO
PAYMENT-000402,XXXXXXXX9103,9287,2025-06-28,Dual,20250624,20250622,PASSED,PASSED,Yes,Yes,NO
PAYMENT-000403,XXXXXXXX4084,2858,2025-06-30,Single,20250628,,PASSED,,No,Yes,NO
PAYMENT-000404,XXXXXXXX8585,1678,2025-07-17,Single,20250714,,PASSED,,No,Yes,NO
PAYMENT-000405,XXXXXXXX2854,9618,2025-06-23,Dual,20250621,20250618,PASSED,PASSED,Yes,Yes,NO
PAYMENT-000406,XXXXXXXX3866,8753,2025-07-11,Dual,20250709,20250708,PASSED,PASSED,Yes,Yes,NO
PAYMENT-000407,XXXXXXXX8927,8972,2025-06-21,Dual,20250618,20250615,FAILED,PASSED,Yes,No,NO
PAYMENT-000408,XXXXXXXX1201,878,2025-07-24,Single,20250722,,PASSED,,No,Yes,NO
PAYMENT-000409,XXXXXXXX2623,8833,2025-07-14,Dual,20250713,20250711,PASSED,PASSED,Yes,Yes,NO
PAYMENT-000410,XXXXXXXX4291,6617,2025-06-30,Dual,20250626,20250625,PASSED,PASSED,Yes,Yes,NO
PAYMENT-000411,XXXXXXXX6943,4155,2025-06-05,Single,20250531,,PASSED,,No,Yes,NO
PAYMENT-000412,XXXXXXXX9839,3356,2025-07-10,Single,20250708,,PASSED,,No,Yes,NO
PAYMENT-000413,XXXXXXXX8017,5560,2025-07-05,Dual,20250702,20250630,PASSED,PASSED,Yes,Yes,NO
PAYMENT-000414,XXXXXXXX2574,8583,2025-07-14,Dual,20250710,20250707,PASSED,PASSED,Yes,Yes,NO
PAYMENT-000415,XXXXXXXX4122,4338,2025-06-28,Single,20250623,,PASSED,,No,Yes,NO
PAYMENT-000416,XXXXXXXX1722,4108,2025-06-30,Single,20250628,,PASSED,,No,Yes,NO
PAYMENT-000417,XXXXXXXX5453,4080,2025-07-31,Single,20250729,,PASSED,,No,Yes,NO
PAYMENT-000418,XXXXXXXX5893,381,2025-07-09,Single,20250705,,PASSED,,No,Yes,NO
PAYMENT-000419,XXXXXXXX8595,1019,2025-06-27,Single,20250625,,PASSED,,No,Yes,NO
PAYMENT-000420,XXXXXXXX3729,8848,2025-06-23,Dual,20250620,20250617,PASSED,PASSED,Yes,Yes,NO
PAYMENT-000421,XXXXXXXX5147,742,2025-07-29,Single,20250725,,PASSED,,No,Yes,NO
PAYMENT-000422,XXXXXXXX7692,5077,2025-06-09,Dual,20250604,20250603,PASSED,PASSED,Yes,Yes,NO
PAYMENT-000423,XXXXXXXX7828,9462,2025-07-21,Dual,20250718,20250715,PASSED,FAILED,Yes,No,NO
PAYMENT-000424,XXXXXXXX6993,5656,2025-06-19,Dual,20250614,20250612,PASSED,PASSED,Yes,Yes,NO
PAYMENT-000425,XXXXXXXX3688,3841,2025-06-01,Single,20250530,,PASSED,,No,Yes,NO
PAYMENT-000426,XXXXXXXX8569,9878,2025-07-19,Dual,20250718,20250716,PASSED,PASSED,Yes,Yes,NO
PAYMENT-000427,XXXXXXXX3616,7851,2025-07-14,Dual,20250713,20250711,PASSED,PASSED,Yes,Yes,NO
PAYMENT-000428,XXXXXXXX1547,4183,2025-06-13,Single,20250610,,PASSED,,No,Yes,NO
PAYMENT-000429,XXXXXXXX2598,7157,2025-06-24,Dual,20250621,20250620,PASSED,PASSED,Yes,Yes,NO
PAYMENT-000430,XXXXXXXX7445,169,2025-07-25,Single,20250720,,PASSED,,No,Yes,NO
PAYMENT-000431,XXXXXXXX8057,1131,2025-07-05,Single,20250703,,PASSED,,No,Yes,NO
PAYMENT-000432,XXXXXXXX2676,8615,2025-07-23,Dual,20250721,20250718,PASSED,PASSED,Yes,Yes,NO
PAYMENT-000433,XXXXXXXX1744,6386,2025-07-18,Single,20250716,,PASSED,,No,Yes,YES
PAYMENT-000434,XXXXXXXX2966,4349,2025-06-11,Single,20250610,,PASSED,,No,Yes,NO
PAYMENT-000435,XXXXXXXX7653,9980,2025-07-23,Dual,20250722,20250720,PASSED,PASSED,Yes,Yes,NO
PAYMENT-000436,XXXXXXXX9533,5021,2025-06-17,Dual,20250612,20250609,PASSED,PASSED,Yes,Yes,NO
PAYMENT-000437,XXXXXXXX2194,3873,2025-07-30,Single,20250728,,PASSED,,No,Yes,NO
PAYMENT-000438,XXXXXXXX1316,2917,2025-07-19,Single,20250718,,PASSED,,No,Yes,NO
PAYMENT-000439,XXXXXXXX7685,7335,2025-07-21,Dual,20250719,20250718,PASSED,PASSED,Yes,Yes,NO
PAYMENT-000440,XXXXXXXX1393,4333,2025-06-13,Single,20250608,,PASSED,,No,Yes,NO
PAYMENT-000441,XXXXXXXX9356,6073,2025-06-20,Dual,20250617,20250616,PASSED,PASSED,Yes,Yes,NO
PAYMENT-000442,XXXXXXXX5444,7459,2025-07-19,Dual,20250714,20250711,PASSED,FAILED,Yes,No,NO
PAYMENT-000443,XXXXXXXX2497,3535,2025-06-12,Single,20250609,,PASSED,,No,Yes,NO
PAYMENT-000444,XXXXXXXX5229,706,2025-07-11,Single,20250710,,PASSED,,No,Yes,NO
PAYMENT-000445,XXXXXXXX8182,9514,2025-07-03,Dual,20250629,20250627,PASSED,PASSED,Yes,Yes,NO
PAYMENT-000446,XXXXXXXX8205,1634,2025-07-18,Single,20250713,,PASSED,,No,Yes,NO
PAYMENT-000447,XXXXXXXX8517,7441,2025-06-12,Single,20250610,,PASSED,,No,Yes,YES
PAYMENT-000448,XXXXXXXX2598,5467,2025-07-23,Dual,20250722,20250719,PASSED,PASSED,Yes,Yes,NO
PAYMENT-000449,XXXXXXXX8424,331,2025-07-06,Single,20250703,,PASSED,,No,Yes,NO
PAYMENT-000450,XXXXXXXX7220,2547,2025-07-24,Single,20250721,,PASSED,,No,Yes,NO
PAYMENT-000451,XXXXXXXX6394,1165,2025-06-18,Single,20250614,,PASSED,,No,Yes,NO
PAYMENT-000452,XXXXXXXX7159,5942,2025-07-15,Single,20250710,,PASSED,,No,Yes,YES
PAYMENT-000453,XXXXXXXX2909,7140,2025-07-20,Dual,20250716,20250714,FAILED,PASSED,Yes,No,NO
PAYMENT-000454,XXXXXXXX2771,6812,2025-07-17,Dual,20250714,20250713,PASSED,PASSED,Yes,Yes,NO
PAYMENT-000455,XXXXXXXX3746,2673,2025-06-26,Single,20250621,,PASSED,,No,Yes,NO
PAYMENT-000456,XXXXXXXX4639,1906,2025-06-05,Single,20250601,,PASSED,,No,Yes,NO
PAYMENT-000457,XXXXXXXX5755,2187,2025-07-02,Single,20250627,,PASSED,,No,Yes,NO
PAYMENT-000458,XXXXXXXX9612,3695,2025-06-28,Single,20250627,,PASSED,,No,Yes,NO
PAYMENT-000459,XXXXXXXX9736,306,2025-06-16,Single,20250612,,PASSED,,No,Yes,NO
PAYMENT-000460,XXXXXXXX4696,1243,2025-07-11,Single,20250707,,PASSED,,No,Yes,NO
PAYMENT-000461,XXXXXXXX6509,2172,2025-06-28,Single,20250624,,PASSED,,No,Yes,NO
PAYMENT-000462,XXXXXXXX4830,8918,2025-07-04,Dual,20250703,20250701,PASSED,PASSED,Yes,Yes,NO
PAYMENT-000463,XXXXXXXX4682,6768,2025-07-29,Dual,20250728,20250725,PASSED,PASSED,Yes,Yes,NO
PAYMENT-000464,XXXXXXXX4026,2246,2025-06-10,Single,20250608,,FAILED,,No,No,NO
PAYMENT-000465,XXXXXXXX4878,7332,2025-07-27,Dual,20250724,20250723,PASSED,PASSED,Yes,Yes,NO
PAYMENT-000466,XXXXXXXX7810,2448,2025-07-13,Single,20250710,,PASSED,,No,Yes,NO
PAYMENT-000467,XXXXXXXX3646,2529,2025-07-07,Single,20250704,,PASSED,,No,Yes,NO
PAYMENT-000468,XXXXXXXX7919,7909,2025-07-18,Dual,20250716,20250713,PASSED,PASSED,Yes,Yes,NO
PAYMENT-000469,XXXXXXXX2295,1933,2025-06-04,Single,20250603,,PASSED,,No,Yes,NO
PAYMENT-000470,XXXXXXXX8994,8897,2025-07-24,Dual,20250721,20250720,PASSED,FAILED,Yes,No,NO
PAYMENT-000471,XXXXXXXX2915,6387,2025-07-14,Dual,20250712,20250711,PASSED,PASSED,Yes,Yes,NO
PAYMENT-000472,XXXXXXXX6278,6995,2025-06-01,Dual,20250530,20250527,PASSED,PASSED,Yes,Yes,NO
PAYMENT-000473,XXXXXXXX2526,671,2025-07-22,Single,20250718,,PASSED,,No,Yes,NO
PAYMENT-000474,XXXXXXXX1613,2838,2025-06-30,Single,20250629,,PASSED,,No,Yes,NO
PAYMENT-000475,XXXXXXXX5460,4228,2025-07-13,Single,20250712,,PASSED,,No,Yes,NO
PAYMENT-000476,XXXXXXXX9262,5041,2025-07-02,Dual,20250701,20250630,PASSED,PASSED,Yes,Yes,NO
PAYMENT-000477,XXXXXXXX8612,1475,2025-07-06,Single,20250705,,PASSED,,No,Yes,NO
PAYMENT-000478,XXXXXXXX7951,2349,2025-06-26,Single,20250621,,PASSED,,No,Yes,NO
PAYMENT-000479,XXXXXXXX5955,794,2025-07-27,Single,20250726,,FAILED,,No,No,NO
PAYMENT-000480,XXXXXXXX8356,7452,2025-07-25,Dual,20250724,20250721,PASSED,PASSED,Yes,Yes,NO
PAYMENT-000481,XXXXXXXX6412,9877,2025-06-24,Dual,20250622,20250621,PASSED,PASSED,Yes,Yes,NO
PAYMENT-000482,XXXXXXXX4168,2867,2025-07-04,Single,20250703,,PASSED,,No,Yes,NO
PAYMENT-000483,XXXXXXXX1703,7038,2025-07-28,Dual,20250724,20250723,PASSED,FAILED,Yes,No,NO
PAYMENT-000484,XXXXXXXX7887,6688,2025-06-03,Dual,20250530,20250529,FAILED,PASSED,Yes,No,NO
PAYMENT-000485,XXXXXXXX9073,5672,2025-07-02,Dual,20250628,20250625,PASSED,PASSED,Yes,Yes,NO
PAYMENT-000486,XXXXXXXX9853,1181,2025-06-10,Single,20250608,,PASSED,,No,Yes,NO
PAYMENT-000487,XXXXXXXX8365,603,2025-06-12,Single,20250611,,FAILED,,No,No,NO
PAYMENT-000488,XXXXXXXX6562,9756,2025-07-29,Single,20250725,,PASSED,,No,Yes,YES
PAYMENT-000489,XXXXXXXX8533,8321,2025-06-15,Dual,20250612,20250609,PASSED,PASSED,Yes,Yes,NO
PAYMENT-000490,XXXXXXXX4138,2088,2025-07-21,Single,20250720,,PASSED,,No,Yes,NO
PAYMENT-000491,XXXXXXXX9391,8846,2025-06-05,Dual,20250601,20250531,PASSED,PASSED,Yes,Yes,NO
PAYMENT-000492,XXXXXXXX7705,8371,2025-07-26,Dual,20250723,20250722,PASSED,PASSED,Yes,Yes,NO
PAYMENT-000493,XXXXXXXX1415,2189,2025-07-05,Single,20250704,,PASSED,,No,Yes,NO
PAYMENT-000494,XXXXXXXX8089,2141,2025-07-28,Single,20250726,,PASSED,,No,Yes,NO
PAYMENT-000495,XXXXXXXX9649,7164,2025-07-07,Dual,20250704,20250702,PASSED,PASSED,Yes,Yes,NO
PAYMENT-000496,XXXXXXXX1095,9670,2025-06-25,Dual,20250621,20250618,PASSED,PASSED,Yes,Yes,NO
PAYMENT-000497,XXXXXXXX7660,3118,2025-07-03,Single,20250629,,PASSED,,No,Yes,NO
PAYMENT-000498,XXXXXXXX4155,1084,2025-06-07,Single,20250605,,PASSED,,No,Yes,NO
PAYMENT-000499,XXXXXXXX7110,5029,2025-06-30,Dual,20250629,20250627,PASSED,PASSED,Yes,Yes,NO
PAYMENT-000500,XXXXXXXX3302,706,2025-06-28,Single,20250625,,PASSED,,No,Yes,NO
PAYMENT-000501,XXXXXXXX4745,7862,2025-07-15,Dual,20250714,20250711,PASSED,PASSED,Yes,Yes,NO
PAYMENT-000502,XXXXXXXX8939,8751,2025-06-08,Dual,20250603,20250531,PASSED,PASSED,Yes,Yes,NO
PAYMENT-000503,XXXXXXXX2875,9132,2025-07-04,Dual,20250702,20250630,PASSED,PASSED,Yes,Yes,NO
PAYMENT-000504,XXXXXXXX7622,8272,2025-06-18,Dual,20250613,20250610,PASSED,PASSED,Yes,Yes,NO
PAYMENT-000505,XXXXXXXX2308,3867,2025-07-14,Single,20250711,,PASSED,,No,Yes,NO
PAYMENT-000506,XXXXXXXX4783,2329,2025-06-08,Single,20250605,,PASSED,,No,Yes,NO
PAYMENT-000507,XXXXXXXX4581,6531,2025-06-26,Dual,20250625,20250623,PASSED,PASSED,Yes,Yes,NO
PAYMENT-000508,XXXXXXXX1710,9917,2025-07-18,Single,20250716,,PASSED,,No,Yes,YES
PAYMENT-000509,XXXXXXXX9591,4147,2025-06-08,Single,20250604,,PASSED,,No,Yes,NO
PAYMENT-000510,XXXXXXXX7416,3215,2025-07-16,Single,20250713,,PASSED,,No,Yes,NO
PAYMENT-000511,XXXXXXXX5877,9151,2025-07-17,Dual,20250714,20250712,PASSED,PASSED,Yes,Yes,NO
PAYMENT-000512,XXXXXXXX8562,6382,2025-06-11,Dual,20250607,20250605,PASSED,FAILED,Yes,No,NO
PAYMENT-000513,XXXXXXXX7616,6656,2025-06-16,Dual,20250614,20250613,PASSED,PASSED,Yes,Yes,NO
PAYMENT-000514,XXXXXXXX5154,5758,2025-07-24,Dual,20250721,20250720,PASSED,PASSED,Yes,Yes,NO
PAYMENT-000515,XXXXXXXX2028,9289,2025-06-21,Dual,20250618,20250616,PASSED,PASSED,Yes,Yes,NO
PAYMENT-000516,XXXXXXXX7230,3231,2025-07-23,Single,20250719,,PASSED,,No,Yes,NO
PAYMENT-000517,XXXXXXXX5102,920,2025-07-01,Single,20250629,,PASSED,,No,Yes,NO
PAYMENT-000518,XXXXXXXX5365,9876,2025-07-09,Dual,20250707,20250704,PASSED,PASSED,Yes,Yes,NO
PAYMENT-000519,XXXXXXXX3666,7859,2025-06-08,Dual,20250606,20250603,PASSED,PASSED,Yes,Yes,NO
PAYMENT-000520,XXXXXXXX4164,4069,2025-07-25,Single,20250720,,PASSED,,No,Yes,NO
PAYMENT-000521,XXXXXXXX3006,2393,2025-06-07,Single,20250603,,PASSED,,No,Yes,NO
PAYMENT-000522,XXXXXXXX2445,2840,2025-06-12,Single,20250611,,PASSED,,No,Yes,NO
PAYMENT-000523,XXXXXXXX2397,9365,2025-06-30,Dual,20250629,20250628,PASSED,PASSED,Yes,Yes,NO
PAYMENT-000524,XXXXXXXX8965,7864,2025-07-24,Dual,20250720,20250718,PASSED,PASSED,Yes,Yes,NO
PAYMENT-000525,XXXXXXXX9376,8467,2025-07-02,Dual,20250629,20250628,PASSED,PASSED,Yes,Yes,NO
PAYMENT-000526,XXXXXXXX6507,9197,2025-07-12,Dual,20250711,20250710,PASSED,FAILED,Yes,No,NO
PAYMENT-000527,XXXXXXXX3343,2315,2025-06-25,Single,20250624,,PASSED,,No,Yes,NO
PAYMENT-000528,XXXXXXXX7145,5834,2025-07-26,Dual,20250724,20250721,PASSED,PASSED,Yes,Yes,NO
PAYMENT-000529,XXXXXXXX9319,7053,2025-07-20,Dual,20250715,20250713,PASSED,FAILED,Yes,No,NO
PAYMENT-000530,XXXXXXXX9552,9816,2025-07-24,Dual,20250723,20250721,PASSED,PASSED,Yes,Yes,NO
PAYMENT-000531,XXXXXXXX3514,7228,2025-07-13,Dual,20250710,20250707,PASSED,PASSED,Yes,Yes,NO
PAYMENT-000532,XXXXXXXX2189,9535,2025-06-06,Dual,20250601,20250531,FAILED,PASSED,Yes,No,NO
PAYMENT-000533,XXXXXXXX2028,3844,2025-07-20,Single,20250717,,PASSED,,No,Yes,NO
PAYMENT-000534,XXXXXXXX1119,5590,2025-07-04,Dual,20250701,20250629,FAILED,FAILED,Yes,No,NO
PAYMENT-000535,XXXXXXXX7462,655,2025-06-26,Single,20250623,,PASSED,,No,Yes,NO
PAYMENT-000536,XXXXXXXX6951,1954,2025-07-19,Single,20250715,,PASSED,,No,Yes,NO
PAYMENT-000537,XXXXXXXX5628,3459,2025-06-08,Single,20250604,,PASSED,,No,Yes,NO
PAYMENT-000538,XXXXXXXX1634,3617,2025-07-13,Single,20250708,,PASSED,,No,Yes,NO
PAYMENT-000539,XXXXXXXX1324,6912,2025-07-14,Dual,20250711,20250708,PASSED,PASSED,Yes,Yes,NO
PAYMENT-000540,XXXXXXXX5339,807,2025-06-25,Single,20250621,,PASSED,,No,Yes,NO
PAYMENT-000541,XXXXXXXX2158,1378,2025-07-25,Single,20250721,,PASSED,,No,Yes,NO
PAYMENT-000542,XXXXXXXX4024,5574,2025-06-23,Dual,20250620,20250617,PASSED,PASSED,Yes,Yes,NO
PAYMENT-000543,XXXXXXXX1240,3463,2025-06-06,Single,20250603,,PASSED,,No,Yes,NO
PAYMENT-000544,XXXXXXXX8269,4412,2025-06-08,Single,20250606,,PASSED,,No,Yes,NO
PAYMENT-000545,XXXXXXXX7657,7102,2025-07-21,Dual,20250720,20250719,PASSED,PASSED,Yes,Yes,NO
PAYMENT-000546,XXXXXXXX2175,2584,2025-07-09,Single,20250704,,PASSED,,No,Yes,NO
PAYMENT-000547,XXXXXXXX9954,3890,2025-07-09,Single,20250707,,PASSED,,No,Yes,NO
PAYMENT-000548,XXXXXXXX4097,8541,2025-06-20,Dual,20250616,20250613,PASSED,PASSED,Yes,Yes,NO
PAYMENT-000549,XXXXXXXX4516,716,2025-06-30,Single,20250626,,PASSED,,No,Yes,NO
PAYMENT-000550,XXXXXXXX2866,1720,2025-06-21,Single,20250616,,PASSED,,No,Yes,NO
PAYMENT-000551,XXXXXXXX4614,759,2025-07-30,Single,20250725,,PASSED,,No,Yes,NO
PAYMENT-000552,XXXXXXXX5376,4813,2025-07-27,Single,20250726,,PASSED,,No,Yes,NO
PAYMENT-000553,XXXXXXXX2792,8232,2025-06-13,Dual,20250608,20250606,PASSED,PASSED,Yes,Yes,NO
PAYMENT-000554,XXXXXXXX4236,1935,2025-07-24,Single,20250720,,PASSED,,No,Yes,NO
PAYMENT-000555,XXXXXXXX3765,6441,2025-06-26,Dual,20250625,20250623,PASSED,FAILED,Yes,No,NO
PAYMENT-000556,XXXXXXXX4847,3311,2025-07-10,Single,20250709,,PASSED,,No,Yes,NO
PAYMENT-000557,XXXXXXXX3117,3460,2025-07-06,Single,20250704,,PASSED,,No,Yes,NO
PAYMENT-000558,XXXXXXXX2179,8829,2025-06-22,Dual,20250621,20250620,PASSED,PASSED,Yes,Yes,NO
PAYMENT-000559,XXXXXXXX4152,6368,2025-06-29,Dual,20250624,20250623,PASSED,PASSED,Yes,Yes,NO
PAYMENT-000560,XXXXXXXX7924,5920,2025-06-12,Dual,20250611,20250608,PASSED,PASSED,Yes,Yes,NO
PAYMENT-000561,XXXXXXXX8855,9442,2025-06-21,Dual,20250619,20250617,PASSED,PASSED,Yes,Yes,NO
PAYMENT-000562,XXXXXXXX9768,9417,2025-07-15,Dual,20250711,20250710,PASSED,PASSED,Yes,Yes,NO
PAYMENT-000563,XXXXXXXX7689,8915,2025-07-24,Single,20250720,,PASSED,,No,Yes,YES
PAYMENT-000564,XXXXXXXX2917,2671,2025-07-27,Single,20250723,,PASSED,,No,Yes,NO
PAYMENT-000565,XXXXXXXX4460,3597,2025-07-02,Single,20250630,,PASSED,,No,Yes,NO
PAYMENT-000566,XXXXXXXX1985,9048,2025-06-07,Dual,20250605,20250603,PASSED,PASSED,Yes,Yes,NO
PAYMENT-000567,XXXXXXXX9403,6578,2025-07-05,Dual,20250701,20250628,PASSED,PASSED,Yes,Yes,NO
PAYMENT-000568,XXXXXXXX6867,6810,2025-07-04,Dual,20250703,20250702,PASSED,PASSED,Yes,Yes,NO
PAYMENT-000569,XXXXXXXX4812,8585,2025-06-24,Dual,20250623,20250622,PASSED,PASSED,Yes,Yes,NO
PAYMENT-000570,XXXXXXXX7348,1971,2025-06-16,Single,20250611,,PASSED,,No,Yes,NO
PAYMENT-000571,XXXXXXXX8149,9528,2025-07-02,Dual,20250701,20250630,PASSED,PASSED,Yes,Yes,NO
PAYMENT-000572,XXXXXXXX3124,9045,2025-06-17,Dual,20250613,20250611,PASSED,PASSED,Yes,Yes,NO
PAYMENT-000573,XXXXXXXX4801,3821,2025-06-26,Single,20250622,,PASSED,,No,Yes,NO
PAYMENT-000574,XXXXXXXX8654,1350,2025-06-12,Single,20250611,,FAILED,,No,No,NO
PAYMENT-000575,XXXXXXXX7861,8098,2025-06-25,Dual,20250622,20250619,PASSED,PASSED,Yes,Yes,NO
PAYMENT-000576,XXXXXXXX6549,9032,2025-07-27,Dual,20250726,20250725,PASSED,PASSED,Yes,Yes,NO
PAYMENT-000577,XXXXXXXX1404,2386,2025-07-02,Single,20250630,,PASSED,,No,Yes,NO
PAYMENT-000578,XXXXXXXX8207,5943,2025-07-20,Dual,20250718,20250716,PASSED,PASSED,Yes,Yes,NO
PAYMENT-000579,XXXXXXXX3407,8510,2025-07-15,Single,20250711,,PASSED,,No,Yes,YES
PAYMENT-000580,XXXXXXXX5460,577,2025-07-15,Single,20250710,,PASSED,,No,Yes,NO
PAYMENT-000581,XXXXXXXX5322,6306,2025-07-11,Dual,20250706,20250703,PASSED,PASSED,Yes,Yes,NO
PAYMENT-000582,XXXXXXXX5829,447,2025-06-13,Single,20250610,,PASSED,,No,Yes,NO
PAYMENT-000583,XXXXXXXX4063,2554,2025-07-27,Single,20250724,,FAILED,,No,No,NO
PAYMENT-000584,XXXXXXXX2262,3075,2025-07-27,Single,20250723,,PASSED,,No,Yes,NO
PAYMENT-000585,XXXXXXXX8684,3117,2025-07-07,Single,20250705,,PASSED,,No,Yes,NO
PAYMENT-000586,XXXXXXXX1956,3795,2025-06-08,Single,20250604,,PASSED,,No,Yes,NO
PAYMENT-000587,XXXXXXXX1908,3839,2025-06-21,Single,20250618,,PASSED,,No,Yes,NO
PAYMENT-000588,XXXXXXXX4892,436,2025-07-03,Single,20250702,,PASSED,,No,Yes,NO
PAYMENT-000589,XXXXXXXX2640,1010,2025-07-24,Single,20250723,,PASSED,,No,Yes,NO
PAYMENT-000590,XXXXXXXX2747,3576,2025-06-28,Single,20250627,,PASSED,,No,Yes,NO
PAYMENT-000591,XXXXXXXX9210,6361,2025-06-02,Dual,20250528,20250527,PASSED,PASSED,Yes,Yes,NO
PAYMENT-000592,XXXXXXXX4573,5921,2025-06-13,Single,20250609,,PASSED,,No,Yes,YES
PAYMENT-000593,XXXXXXXX1742,8965,2025-07-18,Dual,20250717,20250714,PASSED,PASSED,Yes,Yes,NO
PAYMENT-000594,XXXXXXXX4061,2213,2025-07-25,Single,20250721,,PASSED,,No,Yes,NO
PAYMENT-000595,XXXXXXXX7505,6611,2025-07-30,Dual,20250727,20250725,PASSED,PASSED,Yes,Yes,NO
PAYMENT-000596,XXXXXXXX2423,6349,2025-07-18,Dual,20250714,20250713,PASSED,PASSED,Yes,Yes,NO
PAYMENT-000597,XXXXXXXX7450,4714,2025-07-16,Single,20250714,,PASSED,,No,Yes,NO
PAYMENT-000598,XXXXXXXX9002,497,2025-07-02,Single,20250627,,PASSED,,No,Yes,NO
PAYMENT-000599,XXXXXXXX4213,2751,2025-06-03,Single,20250601,,PASSED,,No,Yes,NO
PAYMENT-000600,XXXXXXXX1485,8868,2025-07-24,Dual,20250722,20250719,PASSED,PASSED,Yes,Yes,NO
PAYMENT-000601,XXXXXXXX6933,7758,2025-07-08,Dual,20250706,20250703,PASSED,PASSED,Yes,Yes,NO
PAYMENT-000602,XXXXXXXX6956,4153,2025-06-07,Single,20250606,,PASSED,,No,Yes,NO
PAYMENT-000603,XXXXXXXX1802,5915,2025-07-12,Dual,20250707,20250706,PASSED,PASSED,Yes,Yes,NO
PAYMENT-000604,XXXXXXXX7593,3661,2025-06-24,Single,20250622,,PASSED,,No,Yes,NO
PAYMENT-000605,XXXXXXXX3761,5901,2025-07-07,Dual,20250703,20250701,PASSED,FAILED,Yes,No,NO
PAYMENT-000606,XXXXXXXX2226,4653,2025-06-21,Single,20250620,,PASSED,,No,Yes,NO
PAYMENT-000607,XXXXXXXX9201,4625,2025-07-19,Single,20250718,,PASSED,,No,Yes,NO
PAYMENT-000608,XXXXXXXX2363,7597,2025-06-26,Dual,20250621,20250619,PASSED,PASSED,Yes,Yes,NO
PAYMENT-000609,XXXXXXXX9606,5299,2025-06-09,Dual,20250605,20250604,PASSED,PASSED,Yes,Yes,NO
PAYMENT-000610,XXXXXXXX7083,6196,2025-06-09,Dual,20250607,20250606,PASSED,PASSED,Yes,Yes,NO
PAYMENT-000611,XXXXXXXX5500,8242,2025-07-31,Dual,20250729,20250728,PASSED,PASSED,Yes,Yes,NO
PAYMENT-000612,XXXXXXXX1556,9743,2025-07-11,Dual,20250710,20250707,PASSED,PASSED,Yes,Yes,NO
PAYMENT-000613,XXXXXXXX4636,7166,2025-07-15,Dual,20250714,20250711,PASSED,PASSED,Yes,Yes,NO
PAYMENT-000614,XXXXXXXX9302,7321,2025-06-01,Dual,20250531,20250528,FAILED,PASSED,Yes,No,NO
PAYMENT-000615,XXXXXXXX2032,1506,2025-07-15,Single,20250710,,PASSED,,No,Yes,NO
PAYMENT-000616,XXXXXXXX1242,9992,2025-07-17,Dual,20250716,20250713,PASSED,PASSED,Yes,Yes,NO
PAYMENT-000617,XXXXXXXX1551,6668,2025-06-06,Single,20250605,,PASSED,,No,Yes,YES
PAYMENT-000618,XXXXXXXX5755,1323,2025-06-10,Single,20250609,,PASSED,,No,Yes,NO
PAYMENT-000619,XXXXXXXX3326,1896,2025-06-22,Single,20250618,,PASSED,,No,Yes,NO
PAYMENT-000620,XXXXXXXX4005,2914,2025-06-05,Single,20250602,,PASSED,,No,Yes,NO
PAYMENT-000621,XXXXXXXX7745,4820,2025-07-07,Single,20250706,,PASSED,,No,Yes,NO
PAYMENT-000622,XXXXXXXX8464,6341,2025-07-23,Dual,20250720,20250718,PASSED,PASSED,Yes,Yes,NO
PAYMENT-000623,XXXXXXXX1990,7986,2025-07-08,Dual,20250707,20250706,PASSED,PASSED,Yes,Yes,NO
PAYMENT-000624,XXXXXXXX7018,3619,2025-06-24,Single,20250620,,PASSED,,No,Yes,NO
PAYMENT-000625,XXXXXXXX8282,1702,2025-06-14,Single,20250609,,PASSED,,No,Yes,NO
PAYMENT-000626,XXXXXXXX4698,960,2025-07-18,Single,20250713,,PASSED,,No,Yes,NO
PAYMENT-000627,XXXXXXXX8004,9495,2025-07-28,Dual,20250724,20250722,PASSED,PASSED,Yes,Yes,NO
PAYMENT-000628,XXXXXXXX5919,6095,2025-06-22,Dual,20250618,20250616,PASSED,PASSED,Yes,Yes,NO
PAYMENT-000629,XXXXXXXX5677,8707,2025-07-26,Dual,20250725,20250724,PASSED,PASSED,Yes,Yes,NO
PAYMENT-000630,XXXXXXXX7896,2397,2025-07-01,Single,20250627,,PASSED,,No,Yes,NO
PAYMENT-000631,XXXXXXXX2963,5260,2025-07-06,Dual,20250702,20250701,PASSED,PASSED,Yes,Yes,NO
PAYMENT-000632,XXXXXXXX6617,8638,2025-07-20,Dual,20250717,20250714,PASSED,PASSED,Yes,Yes,NO
PAYMENT-000633,XXXXXXXX6679,1418,2025-07-26,Single,20250723,,PASSED,,No,Yes,NO
PAYMENT-000634,XXXXXXXX1610,8866,2025-07-20,Dual,20250716,20250714,PASSED,PASSED,Yes,Yes,NO
PAYMENT-000635,XXXXXXXX2771,4758,2025-06-15,Single,20250612,,PASSED,,No,Yes,NO
PAYMENT-000636,XXXXXXXX7434,3120,2025-06-14,Single,20250612,,PASSED,,No,Yes,NO
PAYMENT-000637,XXXXXXXX8605,7300,2025-07-12,Dual,20250708,20250705,PASSED,PASSED,Yes,Yes,NO
PAYMENT-000638,XXXXXXXX4055,2335,2025-06-07,Single,20250606,,PASSED,,No,Yes,NO
PAYMENT-000639,XXXXXXXX8527,5280,2025-06-30,Dual,20250628,20250627,PASSED,PASSED,Yes,Yes,NO
PAYMENT-000640,XXXXXXXX5631,3102,2025-06-13,Single,20250609,,PASSED,,No,Yes,NO
PAYMENT-000641,XXXXXXXX2443,3148,2025-07-19,Single,20250714,,PASSED,,No,Yes,NO
PAYMENT-000642,XXXXXXXX3317,9650,2025-06-08,Dual,20250605,20250603,PASSED,PASSED,Yes,Yes,NO
PAYMENT-000643,XXXXXXXX7747,5216,2025-06-26,Dual,20250624,20250622,PASSED,PASSED,Yes,Yes,NO
PAYMENT-000644,XXXXXXXX3706,8265,2025-06-18,Dual,20250615,20250612,FAILED,PASSED,Yes,No,NO
PAYMENT-000645,XXXXXXXX9775,3263,2025-06-11,Single,20250606,,PASSED,,No,Yes,NO
PAYMENT-000646,XXXXXXXX4166,815,2025-06-23,Single,20250622,,PASSED,,No,Yes,NO
PAYMENT-000647,XXXXXXXX8650,7009,2025-06-02,Dual,20250531,20250528,PASSED,PASSED,Yes,Yes,NO
PAYMENT-000648,XXXXXXXX8551,1764,2025-07-24,Single,20250719,,PASSED,,No,Yes,NO
PAYMENT-000649,XXXXXXXX1764,5900,2025-07-21,Dual,20250719,20250717,PASSED,PASSED,Yes,Yes,NO
PAYMENT-000650,XXXXXXXX3928,4271,2025-07-09,Single,20250707,,PASSED,,No,Yes,NO
PAYMENT-000651,XXXXXXXX2114,5361,2025-06-21,Dual,20250617,20250615,PASSED,PASSED,Yes,Yes,NO
PAYMENT-000652,XXXXXXXX7376,6827,2025-06-07,Dual,20250606,20250604,PASSED,PASSED,Yes,Yes,NO
PAYMENT-000653,XXXXXXXX5190,6850,2025-06-15,Dual,20250614,20250613,PASSED,PASSED,Yes,Yes,NO
PAYMENT-000654,XXXXXXXX5528,1259,2025-07-04,Single,20250702,,PASSED,,No,Yes,NO
PAYMENT-000655,XXXXXXXX2970,8317,2025-06-30,Dual,20250629,20250627,PASSED,PASSED,Yes,Yes,NO
PAYMENT-000656,XXXXXXXX6676,1894,2025-06-04,Single,20250602,,PASSED,,No,Yes,NO
PAYMENT-000657,XXXXXXXX8138,6985,2025-07-13,Dual,20250708,20250705,PASSED,FAILED,Yes,No,NO
PAYMENT-000658,XXXXXXXX8284,9917,2025-06-01,Dual,20250528,20250526,PASSED,PASSED,Yes,Yes,NO
PAYMENT-000659,XXXXXXXX4628,1893,2025-06-08,Single,20250603,,PASSED,,No,Yes,NO
PAYMENT-000660,XXXXXXXX8689,5294,2025-06-02,Dual,20250529,20250526,PASSED,PASSED,Yes,Yes,NO
PAYMENT-000661,XXXXXXXX9576,9730,2025-06-23,Dual,20250618,20250617,PASSED,PASSED,Yes,Yes,NO
PAYMENT-000662,XXXXXXXX3197,4981,2025-06-15,Single,20250612,,PASSED,,No,Yes,NO
PAYMENT-000663,XXXXXXXX3735,3733,2025-07-15,Single,20250713,,PASSED,,No,Yes,NO
PAYMENT-000664,XXXXXXXX5220,7745,2025-06-08,Dual,20250605,20250602,PASSED,PASSED,Yes,Yes,NO
PAYMENT-000665,XXXXXXXX2775,5240,2025-06-05,Dual,20250602,20250531,PASSED,PASSED,Yes,Yes,NO
PAYMENT-000666,XXXXXXXX2389,893,2025-07-14,Single,20250711,,PASSED,,No,Yes,NO
PAYMENT-000667,XXXXXXXX1353,9954,2025-07-06,Dual,20250703,20250701,PASSED,PASSED,Yes,Yes,NO
PAYMENT-000668,XXXXXXXX1797,3408,2025-06-27,Single,20250624,,PASSED,,No,Yes,NO
PAYMENT-000669,XXXXXXXX7160,2082,2025-07-13,Single,20250712,,PASSED,,No,Yes,NO
PAYMENT-000670,XXXXXXXX6413,5125,2025-07-05,Dual,20250701,20250628,PASSED,FAILED,Yes,No,NO
PAYMENT-000671,XXXXXXXX4281,206,2025-06-03,Single,20250601,,PASSED,,No,Yes,NO
PAYMENT-000672,XXXXXXXX7864,6202,2025-07-05,Dual,20250630,20250627,PASSED,PASSED,Yes,Yes,NO
PAYMENT-000673,XXXXXXXX7491,9738,2025-06-04,Dual,20250601,20250529,PASSED,PASSED,Yes,Yes,NO
PAYMENT-000674,XXXXXXXX3602,742,2025-07-31,Single,20250727,,PASSED,,No,Yes,NO
PAYMENT-000675,XXXXXXXX8364,5224,2025-07-28,Dual,20250723,20250722,PASSED,PASSED,Yes,Yes,NO
PAYMENT-000676,XXXXXXXX5772,9794,2025-06-11,Dual,20250608,20250606,PASSED,PASSED,Yes,Yes,NO
PAYMENT-000677,XXXXXXXX8219,2352,2025-07-10,Single,20250705,,PASSED,,No,Yes,NO
PAYMENT-000678,XXXXXXXX6654,6496,2025-07-13,Dual,20250710,20250708,PASSED,PASSED,Yes,Yes,NO
PAYMENT-000679,XXXXXXXX3356,2704,2025-07-18,Single,20250715,,PASSED,,No,Yes,NO
PAYMENT-000680,XXXXXXXX9748,8672,2025-07-07,Dual,20250706,20250703,PASSED,PASSED,Yes,Yes,NO
PAYMENT-000681,XXXXXXXX7693,7954,2025-06-16,Dual,20250615,20250612,PASSED,PASSED,Yes,Yes,NO
PAYMENT-000682,XXXXXXXX7753,5996,2025-07-30,Dual,20250726,20250725,PASSED,FAILED,Yes,No,NO
PAYMENT-000683,XXXXXXXX3101,7619,2025-06-21,Dual,20250616,20250613,PASSED,PASSED,Yes,Yes,NO
PAYMENT-000684,XXXXXXXX2533,5976,2025-06-23,Dual,20250620,20250617,PASSED,PASSED,Yes,Yes,NO
PAYMENT-000685,XXXXXXXX1304,6260,2025-06-06,Dual,20250602,20250601,PASSED,PASSED,Yes,Yes,NO
PAYMENT-000686,XXXXXXXX4855,7672,2025-06-07,Dual,20250602,20250531,PASSED,PASSED,Yes,Yes,NO
PAYMENT-000687,XXXXXXXX2244,1883,2025-06-01,Single,20250529,,PASSED,,No,Yes,NO
PAYMENT-000688,XXXXXXXX6734,9214,2025-06-07,Dual,20250603,20250531,PASSED,PASSED,Yes,Yes,NO
PAYMENT-000689,XXXXXXXX8946,1906,2025-07-12,Single,20250707,,PASSED,,No,Yes,NO
PAYMENT-000690,XXXXXXXX5125,1387,2025-06-01,Single,20250531,,PASSED,,No,Yes,NO
PAYMENT-000691,XXXXXXXX3170,2304,2025-06-25,Single,20250624,,PASSED,,No,Yes,NO
PAYMENT-000692,XXXXXXXX5204,1168,2025-06-16,Single,20250614,,PASSED,,No,Yes,NO
PAYMENT-000693,XXXXXXXX4855,8636,2025-07-11,Dual,20250706,20250704,PASSED,PASSED,Yes,Yes,NO
PAYMENT-000694,XXXXXXXX8715,9258,2025-07-25,Dual,20250721,20250720,PASSED,FAILED,Yes,No,NO
PAYMENT-000695,XXXXXXXX7273,5764,2025-06-02,Dual,20250529,20250527,PASSED,PASSED,Yes,Yes,NO
PAYMENT-000696,XXXXXXXX2256,6496,2025-06-22,Dual,20250618,20250615,PASSED,PASSED,Yes,Yes,NO
PAYMENT-000697,XXXXXXXX3172,6342,2025-06-17,Dual,20250616,20250613,PASSED,FAILED,Yes,No,NO
PAYMENT-000698,XXXXXXXX4900,7764,2025-07-08,Dual,20250705,20250702,PASSED,PASSED,Yes,Yes,NO
PAYMENT-000699,XXXXXXXX2151,8633,2025-06-04,Dual,20250531,20250530,PASSED,PASSED,Yes,Yes,NO
PAYMENT-000700,XXXXXXXX2449,1427,2025-06-25,Single,20250622,,PASSED,,No,Yes,NO
PAYMENT-000701,XXXXXXXX3847,6453,2025-07-31,Dual,20250727,20250724,FAILED,PASSED,Yes,No,NO
PAYMENT-000702,XXXXXXXX1348,285,2025-06-23,Single,20250622,,PASSED,,No,Yes,NO
PAYMENT-000703,XXXXXXXX6973,8306,2025-06-29,Dual,20250625,20250623,PASSED,FAILED,Yes,No,NO
PAYMENT-000704,XXXXXXXX8103,5204,2025-06-20,Dual,20250618,20250615,PASSED,PASSED,Yes,Yes,NO
PAYMENT-000705,XXXXXXXX9340,6878,2025-06-12,Dual,20250608,20250606,PASSED,PASSED,Yes,Yes,NO
PAYMENT-000706,XXXXXXXX2986,6860,2025-06-13,Dual,20250610,20250608,FAILED,PASSED,Yes,No,NO
PAYMENT-000707,XXXXXXXX2596,5960,2025-06-02,Dual,20250529,20250527,PASSED,PASSED,Yes,Yes,NO
PAYMENT-000708,XXXXXXXX9340,6809,2025-06-03,Dual,20250529,20250528,PASSED,PASSED,Yes,Yes,NO
PAYMENT-000709,XXXXXXXX7511,6687,2025-07-26,Dual,20250722,20250720,PASSED,PASSED,Yes,Yes,NO
PAYMENT-000710,XXXXXXXX8626,8006,2025-06-16,Dual,20250611,20250610,PASSED,PASSED,Yes,Yes,NO
PAYMENT-000711,XXXXXXXX8563,835,2025-07-28,Single,20250727,,PASSED,,No,Yes,NO
PAYMENT-000712,XXXXXXXX8986,4172,2025-06-20,Single,20250618,,PASSED,,No,Yes,NO
PAYMENT-000713,XXXXXXXX9773,3784,2025-07-02,Single,20250629,,PASSED,,No,Yes,NO
PAYMENT-000714,XXXXXXXX9350,6573,2025-07-19,Dual,20250717,20250715,PASSED,PASSED,Yes,Yes,NO
PAYMENT-000715,XXXXXXXX2471,4130,2025-07-14,Single,20250710,,PASSED,,No,Yes,NO
PAYMENT-000716,XXXXXXXX2174,7659,2025-07-26,Dual,20250725,20250722,PASSED,PASSED,Yes,Yes,NO
PAYMENT-000717,XXXXXXXX4639,3694,2025-06-15,Single,20250610,,PASSED,,No,Yes,NO
PAYMENT-000718,XXXXXXXX7356,3930,2025-06-04,Single,20250603,,PASSED,,No,Yes,NO
PAYMENT-000719,XXXXXXXX4499,4505,2025-06-22,Single,20250621,,PASSED,,No,Yes,NO
PAYMENT-000720,XXXXXXXX2872,3819,2025-07-12,Single,20250708,,PASSED,,No,Yes,NO
PAYMENT-000721,XXXXXXXX1550,2055,2025-06-16,Single,20250612,,PASSED,,No,Yes,NO
PAYMENT-000722,XXXXXXXX3768,3032,2025-06-30,Single,20250625,,PASSED,,No,Yes,NO
PAYMENT-000723,XXXXXXXX3245,9267,2025-06-02,Dual,20250528,20250527,PASSED,PASSED,Yes,Yes,NO
PAYMENT-000724,XXXXXXXX6636,5565,2025-06-30,Dual,20250625,20250622,PASSED,PASSED,Yes,Yes,NO
PAYMENT-000725,XXXXXXXX4350,8607,2025-06-26,Dual,20250622,20250621,PASSED,PASSED,Yes,Yes,NO
PAYMENT-000726,XXXXXXXX5329,8637,2025-06-12,Dual,20250609,20250608,PASSED,PASSED,Yes,Yes,NO
PAYMENT-000727,XXXXXXXX8005,8302,2025-07-21,Dual,20250720,20250719,PASSED,PASSED,Yes,Yes,NO
PAYMENT-000728,XXXXXXXX1932,197,2025-06-26,Single,20250621,,PASSED,,No,Yes,NO
PAYMENT-000729,XXXXXXXX3430,9182,2025-07-04,Dual,20250630,20250627,PASSED,PASSED,Yes,Yes,NO
PAYMENT-000730,XXXXXXXX9707,4112,2025-07-18,Single,20250714,,PASSED,,No,Yes,NO
PAYMENT-000731,XXXXXXXX1007,2380,2025-07-19,Single,20250717,,PASSED,,No,Yes,NO
PAYMENT-000732,XXXXXXXX4598,4572,2025-07-31,Single,20250728,,PASSED,,No,Yes,NO
PAYMENT-000733,XXXXXXXX8116,1655,2025-07-31,Single,20250729,,PASSED,,No,Yes,NO
PAYMENT-000734,XXXXXXXX1833,8390,2025-07-04,Dual,20250630,20250629,PASSED,PASSED,Yes,Yes,NO
PAYMENT-000735,XXXXXXXX3410,8814,2025-06-01,Dual,20250531,20250528,PASSED,PASSED,Yes,Yes,NO
PAYMENT-000736,XXXXXXXX8949,3936,2025-07-16,Single,20250711,,PASSED,,No,Yes,NO
PAYMENT-000737,XXXXXXXX9337,8306,2025-07-14,Dual,20250713,20250711,PASSED,PASSED,Yes,Yes,NO
PAYMENT-000738,XXXXXXXX8176,7506,2025-06-01,Dual,20250530,20250527,PASSED,PASSED,Yes,Yes,NO
PAYMENT-000739,XXXXXXXX8926,430,2025-07-29,Single,20250726,,PASSED,,No,Yes,NO
PAYMENT-000740,XXXXXXXX1864,1378,2025-06-29,Single,20250625,,PASSED,,No,Yes,NO
PAYMENT-000741,XXXXXXXX1670,3102,2025-07-21,Single,20250718,,PASSED,,No,Yes,NO
PAYMENT-000742,XXXXXXXX8105,7244,2025-07-28,Dual,20250726,20250725,PASSED,PASSED,Yes,Yes,NO
PAYMENT-000743,XXXXXXXX1396,8107,2025-06-25,Dual,20250624,20250623,PASSED,PASSED,Yes,Yes,NO
PAYMENT-000744,XXXXXXXX7353,1246,2025-07-31,Single,20250727,,PASSED,,No,Yes,NO
PAYMENT-000745,XXXXXXXX5790,5241,2025-07-10,Dual,20250709,20250706,PASSED,PASSED,Yes,Yes,NO
PAYMENT-000746,XXXXXXXX7710,1777,2025-06-12,Single,20250609,,PASSED,,No,Yes,NO
PAYMENT-000747,XXXXXXXX5008,7189,2025-06-05,Dual,20250602,20250531,PASSED,PASSED,Yes,Yes,NO
PAYMENT-000748,XXXXXXXX4271,3551,2025-06-13,Single,20250608,,PASSED,,No,Yes,NO
PAYMENT-000749,XXXXXXXX8568,152,2025-07-17,Single,20250715,,PASSED,,No,Yes,NO
PAYMENT-000750,XXXXXXXX8332,8407,2025-06-07,Dual,20250602,20250530,PASSED,PASSED,Yes,Yes,NO
PAYMENT-000751,XXXXXXXX7116,1846,2025-06-14,Single,20250612,,PASSED,,No,Yes,NO
PAYMENT-000752,XXXXXXXX7128,318,2025-07-20,Single,20250717,,PASSED,,No,Yes,NO
PAYMENT-000753,XXXXXXXX5207,5418,2025-06-27,Dual,20250624,20250621,PASSED,PASSED,Yes,Yes,NO
PAYMENT-000754,XXXXXXXX3344,4874,2025-06-24,Single,20250621,,PASSED,,No,Yes,NO
PAYMENT-000755,XXXXXXXX6261,7630,2025-07-07,Dual,20250706,20250704,PASSED,PASSED,Yes,Yes,NO
PAYMENT-000756,XXXXXXXX4299,2801,2025-06-04,Single,20250530,,PASSED,,No,Yes,NO
PAYMENT-000757,XXXXXXXX1097,4835,2025-06-10,Single,20250609,,PASSED,,No,Yes,NO
PAYMENT-000758,XXXXXXXX9683,4113,2025-06-27,Single,20250626,,PASSED,,No,Yes,NO
PAYMENT-000759,XXXXXXXX5039,880,2025-07-06,Single,20250702,,PASSED,,No,Yes,NO
PAYMENT-000760,XXXXXXXX4022,7299,2025-06-25,Dual,20250621,20250620,PASSED,PASSED,Yes,Yes,NO
PAYMENT-000761,XXXXXXXX1363,7352,2025-06-14,Dual,20250610,20250608,PASSED,PASSED,Yes,Yes,NO
PAYMENT-000762,XXXXXXXX8255,1654,2025-07-04,Single,20250629,,PASSED,,No,Yes,NO
PAYMENT-000763,XXXXXXXX5566,4984,2025-07-02,Single,20250627,,PASSED,,No,Yes,NO
PAYMENT-000764,XXXXXXXX2693,2933,2025-06-08,Single,20250605,,PASSED,,No,Yes,NO
PAYMENT-000765,XXXXXXXX5880,4497,2025-06-10,Single,20250607,,PASSED,,No,Yes,NO
PAYMENT-000766,XXXXXXXX6544,5801,2025-07-16,Dual,20250713,20250710,PASSED,FAILED,Yes,No,NO
PAYMENT-000767,XXXXXXXX4331,8880,2025-07-16,Dual,20250711,20250710,PASSED,PASSED,Yes,Yes,NO
PAYMENT-000768,XXXXXXXX7586,4625,2025-06-26,Single,20250622,,PASSED,,No,Yes,NO
PAYMENT-000769,XXXXXXXX6881,9689,2025-06-21,Dual,20250618,20250615,PASSED,PASSED,Yes,Yes,NO
PAYMENT-000770,XXXXXXXX5423,5731,2025-07-03,Dual,20250629,20250627,PASSED,FAILED,Yes,No,NO
PAYMENT-000771,XXXXXXXX7625,6984,2025-07-06,Dual,20250705,20250704,PASSED,PASSED,Yes,Yes,NO
PAYMENT-000772,XXXXXXXX8110,4314,2025-06-10,Single,20250606,,PASSED,,No,Yes,NO
PAYMENT-000773,XXXXXXXX5616,6287,2025-06-09,Dual,20250605,20250604,PASSED,PASSED,Yes,Yes,NO
PAYMENT-000774,XXXXXXXX3570,6130,2025-06-20,Dual,20250617,20250614,PASSED,PASSED,Yes,Yes,NO
PAYMENT-000775,XXXXXXXX1170,561,2025-06-17,Single,20250616,,PASSED,,No,Yes,NO
PAYMENT-000776,XXXXXXXX6102,7472,2025-06-04,Dual,20250601,20250529,PASSED,PASSED,Yes,Yes,NO
PAYMENT-000777,XXXXXXXX2090,4870,2025-06-02,Single,20250601,,PASSED,,No,Yes,NO
PAYMENT-000778,XXXXXXXX7738,5000,2025-07-26,Single,20250722,,PASSED,,No,Yes,NO
PAYMENT-000779,XXXXXXXX2388,4336,2025-06-21,Single,20250616,,FAILED,,No,No,NO
PAYMENT-000780,XXXXXXXX5846,6714,2025-06-13,Dual,20250611,20250610,PASSED,PASSED,Yes,Yes,NO
PAYMENT-000781,XXXXXXXX5479,9733,2025-06-07,Dual,20250604,20250601,PASSED,PASSED,Yes,Yes,NO
PAYMENT-000782,XXXXXXXX9677,7937,2025-07-30,Dual,20250727,20250726,PASSED,FAILED,Yes,No,NO
PAYMENT-000783,XXXXXXXX3850,7962,2025-06-14,Dual,20250609,20250606,PASSED,PASSED,Yes,Yes,NO
PAYMENT-000784,XXXXXXXX5872,2125,2025-06-11,Single,20250608,,PASSED,,No,Yes,NO
PAYMENT-000785,XXXXXXXX5693,9027,2025-07-01,Dual,20250629,20250627,PASSED,PASSED,Yes,Yes,NO
PAYMENT-000786,XXXXXXXX2709,4888,2025-06-24,Single,20250623,,PASSED,,No,Yes,NO
PAYMENT-000787,XXXXXXXX7343,3832,2025-07-29,Single,20250726,,PASSED,,No,Yes,NO
PAYMENT-000788,XXXXXXXX6913,1066,2025-07-03,Single,20250630,,PASSED,,No,Yes,NO
PAYMENT-000789,XXXXXXXX2194,2605,2025-06-21,Single,20250617,,PASSED,,No,Yes,NO
PAYMENT-000790,XXXXXXXX9835,6745,2025-07-03,Dual,20250701,20250630,PASSED,PASSED,Yes,Yes,NO
PAYMENT-000791,XXXXXXXX2190,7017,2025-07-06,Dual,20250704,20250701,PASSED,PASSED,Yes,Yes,NO
PAYMENT-000792,XXXXXXXX5594,4198,2025-07-25,Single,20250720,,PASSED,,No,Yes,NO
PAYMENT-000793,XXXXXXXX7911,8030,2025-07-28,Dual,20250723,20250720,PASSED,PASSED,Yes,Yes,NO
PAYMENT-000794,XXXXXXXX2467,7045,2025-07-29,Dual,20250725,20250724,PASSED,PASSED,Yes,Yes,NO
PAYMENT-000795,XXXXXXXX9081,1486,2025-07-19,Single,20250715,,PASSED,,No,Yes,NO
PAYMENT-000796,XXXXXXXX5143,9754,2025-06-19,Dual,20250614,20250613,PASSED,PASSED,Yes,Yes,NO
PAYMENT-000797,XXXXXXXX4253,930,2025-07-24,Single,20250720,,FAILED,,No,No,NO
PAYMENT-000798,XXXXXXXX2748,6435,2025-07-28,Dual,20250726,20250723,PASSED,PASSED,Yes,Yes,NO
PAYMENT-000799,XXXXXXXX2594,3010,2025-07-12,Single,20250707,,PASSED,,No,Yes,NO
PAYMENT-000800,XXXXXXXX7738,230,2025-06-09,Single,20250606,,FAILED,,No,No,NO
PAYMENT-000801,XXXXXXXX1652,6364,2025-07-19,Dual,20250716,20250714,PASSED,PASSED,Yes,Yes,NO
PAYMENT-000802,XXXXXXXX7279,9424,2025-06-05,Single,20250604,,PASSED,,No,Yes,YES
PAYMENT-000803,XXXXXXXX9976,9744,2025-06-24,Dual,20250622,20250620,PASSED,PASSED,Yes,Yes,NO
PAYMENT-000804,XXXXXXXX5827,576,2025-06-14,Single,20250610,,PASSED,,No,Yes,NO
PAYMENT-000805,XXXXXXXX1394,9084,2025-07-08,Dual,20250707,20250706,PASSED,PASSED,Yes,Yes,NO
PAYMENT-000806,XXXXXXXX5777,6851,2025-07-09,Dual,20250704,20250703,PASSED,PASSED,Yes,Yes,NO
PAYMENT-000807,XXXXXXXX3997,4850,2025-07-20,Single,20250716,,PASSED,,No,Yes,NO
PAYMENT-000808,XXXXXXXX5626,4078,2025-06-15,Single,20250613,,PASSED,,No,Yes,NO
PAYMENT-000809,XXXXXXXX3205,6518,2025-07-31,Dual,20250729,20250726,PASSED,PASSED,Yes,Yes,NO
PAYMENT-000810,XXXXXXXX6699,6455,2025-07-23,Dual,20250721,20250719,PASSED,PASSED,Yes,Yes,NO
PAYMENT-000811,XXXXXXXX9007,5380,2025-06-28,Dual,20250627,20250624,FAILED,FAILED,Yes,No,NO
PAYMENT-000812,XXXXXXXX2712,4388,2025-07-18,Single,20250717,,PASSED,,No,Yes,NO
PAYMENT-000813,XXXXXXXX8697,6753,2025-06-05,Dual,20250602,20250601,PASSED,PASSED,Yes,Yes,NO
PAYMENT-000814,XXXXXXXX4587,2952,2025-06-11,Single,20250606,,PASSED,,No,Yes,NO
PAYMENT-000815,XXXXXXXX3716,3200,2025-07-03,Single,20250701,,PASSED,,No,Yes,NO
PAYMENT-000816,XXXXXXXX9115,9885,2025-06-14,Dual,20250611,20250610,PASSED,FAILED,Yes,No,NO
PAYMENT-000817,XXXXXXXX7873,4387,2025-06-28,Single,20250623,,PASSED,,No,Yes,NO
PAYMENT-000818,XXXXXXXX6554,3222,2025-07-17,Single,20250716,,PASSED,,No,Yes,NO
PAYMENT-000819,XXXXXXXX9496,688,2025-07-14,Single,20250711,,FAILED,,No,No,NO
PAYMENT-000820,XXXXXXXX2198,952,2025-06-30,Single,20250625,,PASSED,,No,Yes,NO
PAYMENT-000821,XXXXXXXX1833,5788,2025-06-21,Single,20250620,,PASSED,,No,Yes,YES
PAYMENT-000822,XXXXXXXX9372,2638,2025-06-04,Single,20250531,,PASSED,,No,Yes,NO
PAYMENT-000823,XXXXXXXX4434,6986,2025-06-01,Dual,20250528,20250526,PASSED,PASSED,Yes,Yes,NO
PAYMENT-000824,XXXXXXXX7382,1129,2025-07-02,Single,20250701,,PASSED,,No,Yes,NO
PAYMENT-000825,XXXXXXXX9078,4202,2025-06-12,Single,20250611,,PASSED,,No,Yes,NO
PAYMENT-000826,XXXXXXXX8304,5118,2025-07-02,Dual,20250630,20250627,PASSED,PASSED,Yes,Yes,NO
PAYMENT-000827,XXXXXXXX9068,1793,2025-06-04,Single,20250531,,FAILED,,No,No,NO
PAYMENT-000828,XXXXXXXX6286,2837,2025-06-07,Single,20250605,,FAILED,,No,No,NO
PAYMENT-000829,XXXXXXXX9425,6014,2025-06-27,Dual,20250622,20250621,PASSED,PASSED,Yes,Yes,NO
PAYMENT-000830,XXXXXXXX8393,5400,2025-06-08,Dual,20250603,20250602,PASSED,PASSED,Yes,Yes,NO
PAYMENT-000831,XXXXXXXX4471,7551,2025-07-04,Dual,20250630,20250627,PASSED,FAILED,Yes,No,NO
PAYMENT-000832,XXXXXXXX7696,9763,2025-07-19,Dual,20250717,20250715,PASSED,PASSED,Yes,Yes,NO
PAYMENT-000833,XXXXXXXX7706,4518,2025-07-05,Single,20250630,,PASSED,,No,Yes,NO
PAYMENT-000834,XXXXXXXX5496,2658,2025-06-09,Single,20250606,,PASSED,,No,Yes,NO
PAYMENT-000835,XXXXXXXX5546,9730,2025-07-15,Dual,20250713,20250710,PASSED,PASSED,Yes,Yes,NO
PAYMENT-000836,XXXXXXXX4051,7972,2025-07-09,Dual,20250706,20250705,PASSED,PASSED,Yes,Yes,NO
PAYMENT-000837,XXXXXXXX1980,2898,2025-07-23,Single,20250719,,PASSED,,No,Yes,NO
PAYMENT-000838,XXXXXXXX3815,5484,2025-07-10,Dual,20250706,20250705,PASSED,PASSED,Yes,Yes,NO
PAYMENT-000839,XXXXXXXX9944,665,2025-06-11,Single,20250607,,PASSED,,No,Yes,NO
PAYMENT-000840,XXXXXXXX5424,3794,2025-07-13,Single,20250710,,PASSED,,No,Yes,NO
PAYMENT-000841,XXXXXXXX1360,1239,2025-07-23,Single,20250719,,PASSED,,No,Yes,NO
PAYMENT-000842,XXXXXXXX8197,979,2025-06-29,Single,20250625,,PASSED,,No,Yes,NO
PAYMENT-000843,XXXXXXXX2124,7811,2025-07-11,Dual,20250709,20250707,PASSED,PASSED,Yes,Yes,NO
PAYMENT-000844,XXXXXXXX9735,4718,2025-06-07,Single,20250605,,PASSED,,No,Yes,NO
PAYMENT-000845,XXXXXXXX5721,1041,2025-06-04,Single,20250531,,PASSED,,No,Yes,NO
PAYMENT-000846,XXXXXXXX9174,1947,2025-07-28,Single,20250723,,FAILED,,No,No,NO
PAYMENT-000847,XXXXXXXX1029,3005,2025-06-10,Single,20250608,,PASSED,,No,Yes,NO
PAYMENT-000848,XXXXXXXX5433,6688,2025-07-26,Dual,20250722,20250720,PASSED,PASSED,Yes,Yes,NO
PAYMENT-000849,XXXXXXXX7366,339,2025-07-27,Single,20250725,,PASSED,,No,Yes,NO
PAYMENT-000850,XXXXXXXX6105,6339,2025-07-11,Dual,20250710,20250709,PASSED,PASSED,Yes,Yes,NO
PAYMENT-000851,XXXXXXXX1014,8086,2025-07-08,Dual,20250704,20250703,PASSED,PASSED,Yes,Yes,NO
PAYMENT-000852,XXXXXXXX6532,9637,2025-06-11,Dual,20250607,20250606,PASSED,PASSED,Yes,Yes,NO
PAYMENT-000853,XXXXXXXX5494,7663,2025-07-16,Dual,20250714,20250711,PASSED,PASSED,Yes,Yes,NO
PAYMENT-000854,XXXXXXXX5441,410,2025-06-05,Single,20250603,,PASSED,,No,Yes,NO
PAYMENT-000855,XXXXXXXX6608,6027,2025-07-24,Dual,20250719,20250716,PASSED,PASSED,Yes,Yes,NO
PAYMENT-000856,XXXXXXXX7701,9672,2025-06-19,Dual,20250617,20250616,PASSED,PASSED,Yes,Yes,NO
PAYMENT-000857,XXXXXXXX3805,428,2025-06-27,Single,20250624,,PASSED,,No,Yes,NO
PAYMENT-000858,XXXXXXXX6219,4021,2025-07-08,Single,20250707,,PASSED,,No,Yes,NO
PAYMENT-000859,XXXXXXXX2169,1276,2025-06-17,Single,20250616,,PASSED,,No,Yes,NO
PAYMENT-000860,XXXXXXXX6200,4695,2025-06-27,Single,20250623,,PASSED,,No,Yes,NO
PAYMENT-000861,XXXXXXXX4114,9672,2025-07-28,Dual,20250724,20250723,FAILED,FAILED,Yes,No,NO
PAYMENT-000862,XXXXXXXX4717,133,2025-06-04,Single,20250603,,PASSED,,No,Yes,NO
PAYMENT-000863,XXXXXXXX3914,2027,2025-07-28,Single,20250724,,PASSED,,No,Yes,NO
PAYMENT-000864,XXXXXXXX6910,7922,2025-06-18,Dual,20250617,20250616,PASSED,PASSED,Yes,Yes,NO
PAYMENT-000865,XXXXXXXX8361,3607,2025-06-21,Single,20250617,,PASSED,,No,Yes,NO
PAYMENT-000866,XXXXXXXX5498,1464,2025-06-06,Single,20250602,,PASSED,,No,Yes,NO
PAYMENT-000867,XXXXXXXX4482,643,2025-07-30,Single,20250726,,PASSED,,No,Yes,NO
PAYMENT-000868,XXXXXXXX4509,2505,2025-07-24,Single,20250721,,FAILED,,No,No,NO
PAYMENT-000869,XXXXXXXX1436,1860,2025-06-13,Single,20250612,,PASSED,,No,Yes,NO
PAYMENT-000870,XXXXXXXX3710,9323,2025-07-03,Dual,20250630,20250629,FAILED,PASSED,Yes,No,NO
PAYMENT-000871,XXXXXXXX8093,4341,2025-06-06,Single,20250604,,PASSED,,No,Yes,NO
PAYMENT-000872,XXXXXXXX3801,1394,2025-06-16,Single,20250613,,FAILED,,No,No,NO
PAYMENT-000873,XXXXXXXX8803,7715,2025-06-03,Dual,20250530,20250528,PASSED,PASSED,Yes,Yes,NO
PAYMENT-000874,XXXXXXXX5377,3474,2025-06-22,Single,20250617,,PASSED,,No,Yes,NO
PAYMENT-000875,XXXXXXXX5640,3711,2025-06-01,Single,20250531,,PASSED,,No,Yes,NO
PAYMENT-000876,XXXXXXXX7829,3004,2025-07-11,Single,20250710,,PASSED,,No,Yes,NO
PAYMENT-000877,XXXXXXXX5845,8708,2025-07-14,Dual,20250712,20250710,PASSED,PASSED,Yes,Yes,NO
PAYMENT-000878,XXXXXXXX8557,1863,2025-07-26,Single,20250725,,PASSED,,No,Yes,NO
PAYMENT-000879,XXXXXXXX6066,450,2025-06-25,Single,20250622,,PASSED,,No,Yes,NO
PAYMENT-000880,XXXXXXXX7147,1464,2025-07-10,Single,20250706,,PASSED,,No,Yes,NO
PAYMENT-000881,XXXXXXXX7801,6981,2025-07-03,Dual,20250702,20250629,PASSED,PASSED,Yes,Yes,NO
PAYMENT-000882,XXXXXXXX3385,2748,2025-06-26,Single,20250622,,PASSED,,No,Yes,NO
PAYMENT-000883,XXXXXXXX2950,8490,2025-07-19,Dual,20250714,20250712,PASSED,PASSED,Yes,Yes,NO
PAYMENT-000884,XXXXXXXX6831,163,2025-06-03,Single,20250602,,FAILED,,No,No,NO
PAYMENT-000885,XXXXXXXX1154,646,2025-07-14,Single,20250710,,PASSED,,No,Yes,NO
PAYMENT-000886,XXXXXXXX7250,9900,2025-06-23,Dual,20250621,20250619,PASSED,PASSED,Yes,Yes,NO
PAYMENT-000887,XXXXXXXX4739,3101,2025-07-06,Single,20250701,,PASSED,,No,Yes,NO
PAYMENT-000888,XXXXXXXX9900,3458,2025-06-29,Single,20250628,,PASSED,,No,Yes,NO
PAYMENT-000889,XXXXXXXX6618,7815,2025-06-28,Dual,20250626,20250625,FAILED,PASSED,Yes,No,NO
PAYMENT-000890,XXXXXXXX2120,5021,2025-06-19,Dual,20250614,20250613,PASSED,PASSED,Yes,Yes,NO
PAYMENT-000891,XXXXXXXX1277,7671,2025-06-17,Dual,20250612,20250611,PASSED,PASSED,Yes,Yes,NO
PAYMENT-000892,XXXXXXXX2880,6639,2025-06-30,Dual,20250627,20250625,PASSED,PASSED,Yes,Yes,NO
PAYMENT-000893,XXXXXXXX2882,170,2025-06-28,Single,20250623,,PASSED,,No,Yes,NO
PAYMENT-000894,XXXXXXXX3543,2723,2025-07-22,Single,20250721,,PASSED,,No,Yes,NO
PAYMENT-000895,XXXXXXXX4217,6624,2025-07-13,Dual,20250708,20250705,PASSED,PASSED,Yes,Yes,NO
PAYMENT-000896,XXXXXXXX7971,6749,2025-06-13,Dual,20250610,20250607,PASSED,PASSED,Yes,Yes,NO
PAYMENT-000897,XXXXXXXX6578,9228,2025-06-14,Dual,20250610,20250608,PASSED,PASSED,Yes,Yes,NO
PAYMENT-000898,XXXXXXXX5946,3828,2025-07-15,Single,20250713,,PASSED,,No,Yes,NO
PAYMENT-000899,XXXXXXXX2307,9747,2025-06-16,Dual,20250613,20250611,PASSED,PASSED,Yes,Yes,NO
PAYMENT-000900,XXXXXXXX8022,5626,2025-06-10,Dual,20250607,20250604,PASSED,PASSED,Yes,Yes,NO
PAYMENT-000901,XXXXXXXX5814,3464,2025-06-02,Single,20250529,,PASSED,,No,Yes,NO
PAYMENT-000902,XXXXXXXX1131,8223,2025-07-30,Dual,20250726,20250724,PASSED,PASSED,Yes,Yes,NO
PAYMENT-000903,XXXXXXXX2557,396,2025-07-21,Single,20250717,,PASSED,,No,Yes,NO
PAYMENT-000904,XXXXXXXX6508,6001,2025-07-16,Dual,20250711,20250710,PASSED,PASSED,Yes,Yes,NO
PAYMENT-000905,XXXXXXXX8212,8360,2025-07-21,Dual,20250719,20250717,PASSED,PASSED,Yes,Yes,NO
PAYMENT-000906,XXXXXXXX2102,3143,2025-06-06,Single,20250602,,PASSED,,No,Yes,NO
PAYMENT-000907,XXXXXXXX7606,2019,2025-07-29,Single,20250728,,PASSED,,No,Yes,NO
PAYMENT-000908,XXXXXXXX5985,1478,2025-07-01,Single,20250630,,PASSED,,No,Yes,NO
PAYMENT-000909,XXXXXXXX5725,4487,2025-07-25,Single,20250722,,PASSED,,No,Yes,NO
PAYMENT-000910,XXXXXXXX4378,6631,2025-07-24,Dual,20250721,20250719,PASSED,PASSED,Yes,Yes,NO
PAYMENT-000911,XXXXXXXX2707,9533,2025-07-02,Dual,20250701,20250628,PASSED,PASSED,Yes,Yes,NO
PAYMENT-000912,XXXXXXXX7240,8663,2025-06-02,Dual,20250529,20250528,PASSED,PASSED,Yes,Yes,NO
PAYMENT-000913,XXXXXXXX9286,3074,2025-06-02,Single,20250531,,PASSED,,No,Yes,NO
PAYMENT-000914,XXXXXXXX8294,8647,2025-07-24,Dual,20250722,20250721,PASSED,PASSED,Yes,Yes,NO
PAYMENT-000915,XXXXXXXX4900,3771,2025-06-04,Single,20250602,,PASSED,,No,Yes,NO
PAYMENT-000916,XXXXXXXX4061,8127,2025-07-14,Dual,20250710,20250708,PASSED,PASSED,Yes,Yes,NO
PAYMENT-000917,XXXXXXXX9052,4150,2025-06-23,Single,20250618,,PASSED,,No,Yes,NO
PAYMENT-000918,XXXXXXXX9794,1869,2025-06-01,Single,20250531,,PASSED,,No,Yes,NO
PAYMENT-000919,XXXXXXXX3672,9737,2025-06-21,Dual,20250620,20250619,PASSED,PASSED,Yes,Yes,NO
PAYMENT-000920,XXXXXXXX8149,4893,2025-07-29,Single,20250725,,FAILED,,No,No,NO
PAYMENT-000921,XXXXXXXX8904,568,2025-06-28,Single,20250624,,PASSED,,No,Yes,NO
PAYMENT-000922,XXXXXXXX3837,255,2025-06-16,Single,20250614,,PASSED,,No,Yes,NO
PAYMENT-000923,XXXXXXXX7143,8655,2025-06-19,Dual,20250618,20250615,PASSED,PASSED,Yes,Yes,NO
PAYMENT-000924,XXXXXXXX7701,4031,2025-06-24,Single,20250619,,PASSED,,No,Yes,NO
PAYMENT-000925,XXXXXXXX1668,2071,2025-06-22,Single,20250619,,PASSED,,No,Yes,NO
PAYMENT-000926,XXXXXXXX9231,675,2025-07-28,Single,20250724,,PASSED,,No,Yes,NO
PAYMENT-000927,XXXXXXXX6662,7842,2025-07-15,Dual,20250712,20250711,FAILED,PASSED,Yes,No,NO
PAYMENT-000928,XXXXXXXX6752,1924,2025-06-23,Single,20250618,,PASSED,,No,Yes,NO
PAYMENT-000929,XXXXXXXX8664,1776,2025-07-24,Single,20250720,,PASSED,,No,Yes,NO
PAYMENT-000930,XXXXXXXX1796,6167,2025-07-05,Dual,20250704,20250703,FAILED,PASSED,Yes,No,NO
PAYMENT-000931,XXXXXXXX9607,9819,2025-06-29,Dual,20250624,20250623,PASSED,PASSED,Yes,Yes,NO
PAYMENT-000932,XXXXXXXX8788,9502,2025-07-07,Dual,20250705,20250702,FAILED,PASSED,Yes,No,NO
PAYMENT-000933,XXXXXXXX2283,4713,2025-06-19,Single,20250618,,PASSED,,No,Yes,NO
PAYMENT-000934,XXXXXXXX8110,2860,2025-07-30,Single,20250726,,PASSED,,No,Yes,NO
PAYMENT-000935,XXXXXXXX7380,1511,2025-07-08,Single,20250703,,PASSED,,No,Yes,NO
PAYMENT-000936,XXXXXXXX9279,9215,2025-07-21,Dual,20250716,20250715,PASSED,PASSED,Yes,Yes,NO
PAYMENT-000937,XXXXXXXX9421,5939,2025-06-06,Dual,20250605,20250602,PASSED,PASSED,Yes,Yes,NO
PAYMENT-000938,XXXXXXXX6114,7785,2025-06-23,Dual,20250620,20250618,FAILED,PASSED,Yes,No,NO
PAYMENT-000939,XXXXXXXX9885,1676,2025-07-14,Single,20250709,,FAILED,,No,No,NO
PAYMENT-000940,XXXXXXXX3466,2810,2025-06-28,Single,20250624,,PASSED,,No,Yes,NO
PAYMENT-000941,XXXXXXXX8356,4361,2025-07-14,Single,20250710,,PASSED,,No,Yes,NO
PAYMENT-000942,XXXXXXXX7429,1291,2025-06-30,Single,20250627,,PASSED,,No,Yes,NO
PAYMENT-000943,XXXXXXXX2101,5034,2025-06-29,Dual,20250628,20250627,PASSED,PASSED,Yes,Yes,NO
PAYMENT-000944,XXXXXXXX9577,2419,2025-07-19,Single,20250714,,PASSED,,No,Yes,NO
PAYMENT-000945,XXXXXXXX1474,6398,2025-06-20,Dual,20250615,20250612,PASSED,PASSED,Yes,Yes,NO
PAYMENT-000946,XXXXXXXX6328,9953,2025-07-26,Dual,20250724,20250722,PASSED,PASSED,Yes,Yes,NO
PAYMENT-000947,XXXXXXXX9679,5392,2025-06-29,Dual,20250625,20250622,PASSED,PASSED,Yes,Yes,NO
PAYMENT-000948,XXXXXXXX2280,2228,2025-07-29,Single,20250728,,PASSED,,No,Yes,NO
PAYMENT-000949,XXXXXXXX5937,4526,2025-07-30,Single,20250728,,PASSED,,No,Yes,NO
PAYMENT-000950,XXXXXXXX3145,6381,2025-06-22,Dual,20250619,20250617,PASSED,PASSED,Yes,Yes,NO
PAYMENT-000951,XXXXXXXX5441,4898,2025-06-12,Single,20250608,,FAILED,,No,No,NO
PAYMENT-000952,XXXXXXXX8850,3804,2025-07-15,Single,20250710,,PASSED,,No,Yes,NO
PAYMENT-000953,XXXXXXXX7774,2063,2025-06-04,Single,20250601,,PASSED,,No,Yes,NO
PAYMENT-000954,XXXXXXXX4548,1135,2025-07-14,Single,20250709,,PASSED,,No,Yes,NO
PAYMENT-000955,XXXXXXXX1799,7408,2025-07-19,Dual,20250717,20250716,PASSED,PASSED,Yes,Yes,NO
PAYMENT-000956,XXXXXXXX7680,4242,2025-06-06,Single,20250602,,PASSED,,No,Yes,NO
PAYMENT-000957,XXXXXXXX8381,6754,2025-06-24,Dual,20250619,20250618,PASSED,PASSED,Yes,Yes,NO
PAYMENT-000958,XXXXXXXX5936,7681,2025-07-08,Dual,20250703,20250701,PASSED,PASSED,Yes,Yes,NO
PAYMENT-000959,XXXXXXXX1102,2642,2025-07-18,Single,20250713,,PASSED,,No,Yes,NO
PAYMENT-000960,XXXXXXXX4189,7842,2025-07-14,Dual,20250713,20250712,PASSED,PASSED,Yes,Yes,NO
PAYMENT-000961,XXXXXXXX3883,7750,2025-06-30,Dual,20250625,20250624,PASSED,PASSED,Yes,Yes,NO
PAYMENT-000962,XXXXXXXX6382,4285,2025-07-09,Single,20250706,,PASSED,,No,Yes,NO
PAYMENT-000963,XXXXXXXX8833,9871,2025-06-09,Dual,20250605,20250604,PASSED,PASSED,Yes,Yes,NO
PAYMENT-000964,XXXXXXXX9242,1193,2025-07-30,Single,20250729,,PASSED,,No,Yes,NO
PAYMENT-000965,XXXXXXXX3462,3390,2025-06-24,Single,20250623,,PASSED,,No,Yes,NO
PAYMENT-000966,XXXXXXXX4129,9354,2025-06-20,Dual,20250618,20250616,PASSED,PASSED,Yes,Yes,NO
PAYMENT-000967,XXXXXXXX2700,8809,2025-07-31,Dual,20250730,20250728,PASSED,PASSED,Yes,Yes,NO
PAYMENT-000968,XXXXXXXX2013,1111,2025-06-29,Single,20250626,,PASSED,,No,Yes,NO
PAYMENT-000969,XXXXXXXX5469,620,2025-07-15,Single,20250713,,PASSED,,No,Yes,NO
PAYMENT-000970,XXXXXXXX6675,5899,2025-06-24,Dual,20250622,20250619,PASSED,FAILED,Yes,No,NO
PAYMENT-000971,XXXXXXXX7503,2689,2025-07-16,Single,20250715,,PASSED,,No,Yes,NO
PAYMENT-000972,XXXXXXXX5289,3069,2025-07-05,Single,20250703,,PASSED,,No,Yes,NO
PAYMENT-000973,XXXXXXXX2231,7185,2025-06-05,Dual,20250531,20250529,PASSED,PASSED,Yes,Yes,NO
PAYMENT-000974,XXXXXXXX9396,1966,2025-06-04,Single,20250531,,PASSED,,No,Yes,NO
PAYMENT-000975,XXXXXXXX4439,2960,2025-07-13,Single,20250710,,FAILED,,No,No,NO
PAYMENT-000976,XXXXXXXX7367,3026,2025-07-17,Single,20250715,,PASSED,,No,Yes,NO
PAYMENT-000977,XXXXXXXX3990,3673,2025-06-01,Single,20250530,,PASSED,,No,Yes,NO
PAYMENT-000978,XXXXXXXX1686,950,2025-06-06,Single,20250604,,PASSED,,No,Yes,NO
PAYMENT-000979,XXXXXXXX8995,5226,2025-07-28,Dual,20250727,20250725,PASSED,PASSED,Yes,Yes,NO
PAYMENT-000980,XXXXXXXX5795,5039,2025-07-08,Dual,20250703,20250701,PASSED,PASSED,Yes,Yes,NO
PAYMENT-000981,XXXXXXXX2780,1277,2025-06-23,Single,20250619,,PASSED,,No,Yes,NO
PAYMENT-000982,XXXXXXXX9210,7495,2025-06-01,Dual,20250527,20250525,PASSED,PASSED,Yes,Yes,NO
PAYMENT-000983,XXXXXXXX8549,8676,2025-06-30,Dual,20250628,20250625,PASSED,PASSED,Yes,Yes,NO
PAYMENT-000984,XXXXXXXX9566,7467,2025-06-26,Dual,20250625,20250622,PASSED,PASSED,Yes,Yes,NO
PAYMENT-000985,XXXXXXXX1607,6456,2025-07-14,Dual,20250713,20250712,PASSED,PASSED,Yes,Yes,NO
PAYMENT-000986,XXXXXXXX7774,8177,2025-07-03,Dual,20250701,20250629,PASSED,PASSED,Yes,Yes,NO
PAYMENT-000987,XXXXXXXX1116,7737,2025-06-01,Dual,20250527,20250524,PASSED,PASSED,Yes,Yes,NO
PAYMENT-000988,XXXXXXXX4461,4656,2025-06-15,Single,20250610,,PASSED,,No,Yes,NO
PAYMENT-000989,XXXXXXXX8527,9711,2025-06-18,Dual,20250614,20250611,PASSED,PASSED,Yes,Yes,NO
PAYMENT-000990,XXXXXXXX9197,8897,2025-07-01,Dual,20250630,20250627,PASSED,PASSED,Yes,Yes,NO
PAYMENT-000991,XXXXXXXX9018,2535,2025-06-27,Single,20250624,,PASSED,,No,Yes,NO
PAYMENT-000992,XXXXXXXX9584,471,2025-06-28,Single,20250624,,PASSED,,No,Yes,NO
PAYMENT-000993,XXXXXXXX7488,1364,2025-06-23,Single,20250622,,PASSED,,No,Yes,NO
PAYMENT-000994,XXXXXXXX1904,5801,2025-07-16,Dual,20250711,20250710,PASSED,PASSED,Yes,Yes,NO
PAYMENT-000995,XXXXXXXX1841,3786,2025-07-28,Single,20250723,,PASSED,,No,Yes,NO
PAYMENT-000996,XXXXXXXX8950,7279,2025-07-26,Dual,20250724,20250723,PASSED,PASSED,Yes,Yes,NO
PAYMENT-000997,XXXXXXXX5937,9273,2025-07-30,Dual,20250727,20250725,PASSED,PASSED,Yes,Yes,NO
PAYMENT-000998,XXXXXXXX7137,2809,2025-06-24,Single,20250619,,PASSED,,No,Yes,NO
PAYMENT-000999,XXXXXXXX5714,5782,2025-06-17,Dual,20250616,20250613,PASSED,PASSED,Yes,Yes,NO
